Nr;Name;MaxSchnellmeldungen;AnzSchnellmeldungen;Wahlberechtigte;abgegeben;Wahlbeteiligung;gültigeStimmzettel;gültig;ungültigeStimmzettel;ungültig;gültig2;ungültig2;CDU;CDU_Proz;Z_CDU;Z_CDU_Proz;SPD;SPD_Proz;Z_SPD;Z_SPD_Proz;GRÜNE;GRÜNE_Proz;Z_GRÜNE;Z_GRÜNE_Proz;DIE LINKE.;DIE LINKE._Proz;Z_DIE LINKE.;Z_DIE LINKE._Proz;FDP;FDP_Proz;Z_FDP;Z_FDP_Proz;AfD;AfD_Proz;Z_AfD;Z_AfD_Proz;PIRATEN;PIRATEN_Proz;Z_PIRATEN;Z_PIRATEN_Proz;NPD;NPD_Proz;Z_NPD;Z_NPD_Proz;Tierschutzpartei;Tierschutzpartei_Proz;Z_Tierschutzpartei;Z_Tierschutzpartei_Proz;FREIE WÄHLER;FREIE WÄHLER_Proz;Z_FREIE WÄHLER;Z_FREIE WÄHLER_Proz;MLPD;MLPD_Proz;Z_MLPD;Z_MLPD_Proz;BGE;BGE_Proz;Z_BGE;Z_BGE_Proz;DiB;DiB_Proz;Z_DiB;Z_DiB_Proz;DKP;DKP_Proz;Z_DKP;Z_DKP_Proz;DM;DM_Proz;Z_DM;Z_DM_Proz;ÖDP;ÖDP_Proz;Z_ÖDP;Z_ÖDP_Proz;Die PARTEI;Die PARTEI_Proz;Z_Die PARTEI;Z_Die PARTEI_Proz;V-Partei³;V-Partei³_Proz;Z_V-Partei³;Z_V-Partei³_Proz;
101;101 Lohberg (1);1;1;841;442;52,56;;439;;3;435;7;127;28,93;104;23,91;131;29,84;85;19,54;88;20,05;92;21,15;42;9,57;65;14,94;18;4,10;43;9,89;17;3,87;27;6,21;5;1,14;0;0,00;0;0,00;0;0,00;0;0,00;2;0,46;3;0,68;1;0,23;1;0,23;1;0,23;0;0,00;2;0,46;0;0,00;1;0,23;0;0,00;0;0,00;0;0,00;0;0,00;0;0,00;0;0,00;7;1,59;9;2,07;0;0,00;3;0,69;
102;102 Lohberg (2);1;1;863;429;49,71;;426;;3;426;3;94;22,07;87;20,42;182;42,72;131;30,75;54;12,68;67;15,73;44;10,33;66;15,49;11;2,58;20;4,69;21;4,93;29;6,81;8;1,88;3;0,70;0;0,00;2;0,47;0;0,00;4;0,94;2;0,47;1;0,23;1;0,23;1;0,23;0;0,00;2;0,47;0;0,00;0;0,00;0;0,00;0;0,00;0;0,00;1;0,23;0;0,00;3;0,70;9;2,11;9;2,11;0;0,00;0;0,00;
103;103 Breslauer Straße (1);1;1;944;502;53,18;;500;;2;499;3;101;20,20;93;18,64;173;34,60;125;25,05;104;20,80;102;20,44;66;13,20;92;18,44;14;2,80;38;7,62;26;5,20;22;4,41;3;0,60;2;0,40;0;0,00;1;0,20;0;0,00;6;1,20;2;0,40;2;0,40;1;0,20;1;0,20;0;0,00;2;0,40;0;0,00;1;0,20;0;0,00;0;0,00;0;0,00;2;0,40;0;0,00;1;0,20;10;2,00;7;1,40;0;0,00;2;0,40;
104;104 Breslauer Straße (2);1;1;765;397;51,90;;394;;3;394;3;80;20,30;79;20,05;170;43,15;123;31,22;43;10,91;49;12,44;34;8,63;52;13,20;17;4,31;36;9,14;31;7,87;33;8,38;3;0,76;3;0,76;0;0,00;1;0,25;0;0,00;1;0,25;7;1,78;1;0,25;0;0,00;0;0,00;0;0,00;1;0,25;0;0,00;2;0,51;0;0,00;0;0,00;0;0,00;0;0,00;0;0,00;1;0,25;9;2,28;10;2,54;0;0,00;2;0,51;
105;105 Beethovenstraße (1);1;1;1217;583;47,90;;575;;8;574;9;150;26,09;134;23,34;194;33,74;128;22,30;131;22,78;125;21,78;42;7,30;98;17,07;26;4,52;48;8,36;13;2,26;19;3,31;6;1,04;6;1,05;0;0,00;0;0,00;0;0,00;4;0,70;1;0,17;2;0,35;1;0,17;1;0,17;0;0,00;0;0,00;0;0,00;1;0,17;0;0,00;0;0,00;0;0,00;2;0,35;0;0,00;0;0,00;11;1,91;5;0,87;0;0,00;1;0,17;
106;106 Beethovenstraße (2);1;1;1003;537;53,54;;536;;1;537;0;144;26,87;132;24,58;205;38,25;105;19,55;90;16,79;122;22,72;37;6,90;79;14,71;31;5,78;65;12,10;18;3,36;22;4,10;3;0,56;0;0,00;0;0,00;1;0,19;0;0,00;2;0,37;2;0,37;0;0,00;2;0,37;1;0,19;0;0,00;1;0,19;0;0,00;1;0,19;0;0,00;0;0,00;0;0,00;1;0,19;0;0,00;0;0,00;4;0,75;3;0,56;0;0,00;2;0,37;
107;107 Schillerwiese (1);1;1;961;522;54,32;;519;;3;519;3;134;25,82;116;22,35;186;35,84;109;21,00;116;22,35;144;27,75;19;3,66;48;9,25;27;5,20;65;12,52;21;4,05;24;4,62;5;0,96;4;0,77;0;0,00;0;0,00;0;0,00;2;0,39;3;0,58;1;0,19;2;0,39;0;0,00;0;0,00;2;0,39;0;0,00;3;0,58;0;0,00;0;0,00;0;0,00;0;0,00;0;0,00;0;0,00;6;1,16;1;0,19;0;0,00;0;0,00;
108;108 Schillerwiese (2);1;1;689;347;50,36;;343;;4;345;2;114;33,24;114;33,04;105;30,61;64;18,55;62;18,08;57;16,52;17;4,96;36;10,43;23;6,71;45;13,04;11;3,21;16;4,64;4;1,17;1;0,29;0;0,00;0;0,00;0;0,00;0;0,00;0;0,00;0;0,00;0;0,00;0;0,00;0;0,00;3;0,87;0;0,00;1;0,29;0;0,00;0;0,00;0;0,00;0;0,00;0;0,00;2;0,58;7;2,04;6;1,74;0;0,00;0;0,00;
109;109 Rohnsweg;1;1;878;447;50,91;;447;;0;446;1;140;31,32;128;28,70;139;31,10;74;16,59;96;21,48;122;27,35;23;5,15;38;8,52;25;5,59;53;11,88;12;2,68;20;4,48;5;1,12;1;0,22;0;0,00;1;0,22;0;0,00;3;0,67;2;0,45;0;0,00;0;0,00;0;0,00;0;0,00;1;0,22;0;0,00;3;0,67;0;0,00;0;0,00;0;0,00;1;0,22;0;0,00;0;0,00;5;1,12;1;0,22;0;0,00;0;0,00;
110;110 Hermann-Föge-Weg;1;1;588;342;58,16;;340;;2;340;2;97;28,53;81;23,82;110;32,35;69;20,29;78;22,94;79;23,24;20;5,88;42;12,35;11;3,24;38;11,18;12;3,53;16;4,71;2;0,59;0;0,00;0;0,00;0;0,00;0;0,00;1;0,29;1;0,29;0;0,00;0;0,00;0;0,00;0;0,00;1;0,29;0;0,00;0;0,00;0;0,00;0;0,00;0;0,00;0;0,00;0;0,00;1;0,29;9;2,65;12;3,53;0;0,00;0;0,00;
111;111 Grotefendstraße (1);1;1;570;326;57,19;;324;;2;326;0;98;30,25;86;26,38;100;30,86;65;19,94;78;24,07;94;28,83;13;4,01;24;7,36;18;5,56;40;12,27;7;2,16;10;3,07;4;1,23;2;0,61;0;0,00;0;0,00;0;0,00;1;0,31;2;0,62;0;0,00;0;0,00;0;0,00;0;0,00;1;0,31;0;0,00;0;0,00;0;0,00;0;0,00;0;0,00;0;0,00;0;0,00;0;0,00;4;1,23;3;0,92;0;0,00;0;0,00;
112;112 Nonnenstieg (1);1;1;853;499;58,50;;497;;2;497;2;127;25,55;115;23,14;172;34,61;111;22,33;90;18,11;90;18,11;55;11,07;86;17,30;24;4,83;53;10,66;18;3,62;23;4,63;2;0,40;1;0,20;0;0,00;0;0,00;0;0,00;5;1,01;1;0,20;0;0,00;0;0,00;0;0,00;0;0,00;0;0,00;0;0,00;1;0,20;0;0,00;1;0,20;0;0,00;0;0,00;0;0,00;0;0,00;8;1,61;11;2,21;0;0,00;0;0,00;
113;113 Nonnenstieg (2);1;1;842;466;55,34;;463;;3;461;5;139;30,02;104;22,56;171;36,93;121;26,25;62;13,39;86;18,66;31;6,70;45;9,76;22;4,75;54;11,71;26;5,62;34;7,38;3;0,65;2;0,43;0;0,00;0;0,00;0;0,00;4;0,87;2;0,43;2;0,43;1;0,22;0;0,00;0;0,00;1;0,22;0;0,00;0;0,00;0;0,00;0;0,00;0;0,00;1;0,22;0;0,00;0;0,00;6;1,30;5;1,08;0;0,00;2;0,43;
114;114 Nikolausberg (1);1;1;694;406;58,50;;399;;7;398;8;159;39,85;119;29,90;124;31,08;93;23,37;48;12,03;58;14,57;20;5,01;37;9,30;19;4,76;57;14,32;17;4,26;22;5,53;8;2,01;4;1,01;0;0,00;0;0,00;0;0,00;1;0,25;1;0,25;3;0,75;1;0,25;0;0,00;0;0,00;1;0,25;0;0,00;0;0,00;0;0,00;0;0,00;0;0,00;1;0,25;0;0,00;0;0,00;2;0,50;2;0,50;0;0,00;0;0,00;
115;115 Nikolausberg (2);1;1;771;425;55,12;;422;;3;424;1;160;37,91;127;29,95;152;36,02;107;25,24;53;12,56;68;16,04;12;2,84;29;6,84;16;3,79;49;11,56;21;4,98;31;7,31;2;0,47;0;0,00;0;0,00;0;0,00;0;0,00;3;0,71;0;0,00;0;0,00;1;0,24;1;0,24;0;0,00;0;0,00;0;0,00;2;0,47;0;0,00;0;0,00;0;0,00;0;0,00;0;0,00;0;0,00;5;1,18;7;1,65;0;0,00;0;0,00;
116;116 Roringen;1;1;749;435;58,08;;435;;0;434;1;156;35,86;137;31,57;160;36,78;141;32,49;30;6,90;36;8,29;25;5,75;34;7,83;22;5,06;43;9,91;35;8,05;37;8,53;4;0,92;1;0,23;0;0,00;0;0,00;0;0,00;1;0,23;1;0,23;1;0,23;0;0,00;0;0,00;0;0,00;0;0,00;0;0,00;0;0,00;0;0,00;0;0,00;0;0,00;0;0,00;0;0,00;0;0,00;2;0,46;2;0,46;0;0,00;1;0,23;
117;117 Herberhausen (1);1;1;723;421;58,23;;419;;2;417;4;132;31,50;113;27,10;162;38,66;126;30,22;61;14,56;69;16,55;21;5,01;34;8,15;18;4,30;44;10,55;11;2,63;12;2,88;7;1,67;2;0,48;0;0,00;0;0,00;0;0,00;4;0,96;5;1,19;3;0,72;0;0,00;0;0,00;0;0,00;2;0,48;0;0,00;0;0,00;0;0,00;0;0,00;0;0,00;0;0,00;0;0,00;1;0,24;2;0,48;6;1,44;0;0,00;1;0,24;
118;118 Herberhausen (2);1;1;574;317;55,23;;317;;0;316;1;116;36,59;95;30,06;120;37,85;101;31,96;30;9,46;38;12,03;14;4,42;24;7,59;21;6,62;38;12,03;9;2,84;13;4,11;1;0,32;0;0,00;0;0,00;0;0,00;0;0,00;1;0,32;2;0,63;2;0,63;1;0,32;0;0,00;0;0,00;0;0,00;0;0,00;2;0,63;0;0,00;0;0,00;0;0,00;0;0,00;0;0,00;0;0,00;3;0,95;2;0,63;0;0,00;0;0,00;
119;119 Nikolausberg (3);1;1;999;587;58,76;;580;;7;584;3;145;25,00;117;20,03;217;37,41;174;29,79;75;12,93;94;16,10;45;7,76;62;10,62;36;6,21;58;9,93;40;6,90;51;8,73;8;1,38;4;0,68;0;0,00;0;0,00;0;0,00;11;1,88;4;0,69;2;0,34;0;0,00;0;0,00;0;0,00;3;0,51;0;0,00;1;0,17;0;0,00;0;0,00;0;0,00;2;0,34;0;0,00;0;0,00;10;1,72;5;0,86;0;0,00;0;0,00;
120;120 Grotefendstraße (2);1;1;531;290;54,61;;289;;1;289;1;131;45,33;107;37,02;76;26,30;41;14,19;41;14,19;58;20,07;11;3,81;17;5,88;14;4,84;48;16,61;9;3,11;10;3,46;1;0,35;0;0,00;0;0,00;0;0,00;0;0,00;1;0,35;1;0,35;1;0,35;1;0,35;0;0,00;0;0,00;0;0,00;0;0,00;0;0,00;0;0,00;0;0,00;0;0,00;0;0,00;0;0,00;0;0,00;4;1,38;5;1,73;0;0,00;1;0,35;
201;201 Stegemühlenweg (1);1;1;846;479;56,62;;475;;4;476;3;79;16,63;77;16,18;157;33,05;109;22,90;127;26,74;121;25,42;62;13,05;100;21,01;12;2,53;25;5,25;17;3,58;20;4,20;4;0,84;1;0,21;0;0,00;0;0,00;0;0,00;5;1,05;3;0,63;2;0,42;2;0,42;0;0,00;0;0,00;0;0,00;0;0,00;0;0,00;0;0,00;2;0,42;0;0,00;1;0,21;0;0,00;2;0,42;12;2,53;10;2,10;0;0,00;1;0,21;
202;202 Stegemühlenweg (2);1;1;804;433;53,86;;431;;2;432;1;76;17,63;67;15,51;182;42,23;152;35,19;59;13,69;53;12,27;56;12,99;73;16,90;14;3,25;19;4,40;31;7,19;41;9,49;4;0,93;2;0,46;0;0,00;3;0,69;0;0,00;6;1,39;4;0,93;2;0,46;0;0,00;0;0,00;0;0,00;5;1,16;0;0,00;4;0,93;0;0,00;1;0,23;0;0,00;0;0,00;0;0,00;1;0,23;5;1,16;3;0,69;0;0,00;0;0,00;
203;203 Stegemühlenweg (3);1;1;902;472;52,33;;468;;4;470;2;77;16,45;81;17,23;172;36,75;126;26,81;119;25,43;107;22,77;60;12,82;92;19,57;11;2,35;25;5,32;11;2,35;13;2,77;2;0,43;4;0,85;0;0,00;0;0,00;0;0,00;1;0,21;3;0,64;0;0,00;0;0,00;0;0,00;0;0,00;1;0,21;0;0,00;2;0,43;0;0,00;2;0,43;0;0,00;0;0,00;0;0,00;1;0,21;13;2,78;14;2,98;0;0,00;1;0,21;
204;204 Danziger Straße (1);1;1;926;523;56,48;;520;;3;518;5;115;22,12;101;19,50;181;34,81;120;23,17;110;21,15;119;22,97;57;10,96;98;18,92;12;2,31;36;6,95;17;3,27;20;3,86;11;2,12;2;0,39;0;0,00;1;0,19;0;0,00;3;0,58;3;0,58;1;0,19;1;0,19;2;0,39;0;0,00;4;0,77;0;0,00;1;0,19;0;0,00;0;0,00;0;0,00;0;0,00;0;0,00;0;0,00;13;2,50;8;1,54;0;0,00;2;0,39;
205;205 Danziger Straße (2);1;1;866;474;54,73;;470;;4;470;4;74;15,74;72;15,32;178;37,87;130;27,66;93;19,79;98;20,85;66;14,04;97;20,64;9;1,91;25;5,32;30;6,38;27;5,74;7;1,49;2;0,43;0;0,00;2;0,43;0;0,00;4;0,85;4;0,85;3;0,64;1;0,21;1;0,21;0;0,00;1;0,21;0;0,00;0;0,00;0;0,00;1;0,21;0;0,00;0;0,00;0;0,00;1;0,21;8;1,70;6;1,28;0;0,00;0;0,00;
206;206 Danziger Straße (3);1;1;757;416;54,95;;413;;3;413;3;97;23,49;93;22,52;150;36,32;136;32,93;74;17,92;58;14,04;37;8,96;56;13,56;13;3,15;24;5,81;24;5,81;27;6,54;5;1,21;1;0,24;0;0,00;0;0,00;0;0,00;5;1,21;5;1,21;2;0,48;0;0,00;0;0,00;0;0,00;1;0,24;0;0,00;0;0,00;0;0,00;0;0,00;0;0,00;0;0,00;0;0,00;2;0,48;8;1,94;7;1,69;0;0,00;1;0,24;
207;207 Stadtstieg (1);1;1;834;452;54,20;;451;;1;452;0;104;23,06;94;20,80;192;42,57;168;37,17;57;12,64;50;11,06;38;8,43;55;12,17;15;3,33;29;6,42;23;5,10;30;6,64;3;0,67;3;0,66;0;0,00;1;0,22;0;0,00;5;1,11;4;0,89;2;0,44;1;0,22;0;0,00;0;0,00;1;0,22;0;0,00;2;0,44;0;0,00;0;0,00;0;0,00;1;0,22;0;0,00;1;0,22;14;3,10;10;2,21;0;0,00;0;0,00;
208;208 Stadtstieg (2);1;1;1129;625;55,36;;614;;11;617;8;156;25,41;146;23,66;234;38,11;181;29,34;92;14,98;85;13,78;51;8,31;83;13,45;22;3,58;43;6,97;44;7,17;50;8,10;5;0,81;3;0,49;0;0,00;2;0,32;0;0,00;6;0,97;3;0,49;2;0,32;0;0,00;0;0,00;0;0,00;2;0,32;0;0,00;0;0,00;0;0,00;0;0,00;0;0,00;0;0,00;0;0,00;0;0,00;7;1,14;13;2,11;0;0,00;1;0,16;
209;209 Sandersbeek (1);1;1;942;522;55,41;;522;;0;522;0;141;27,01;121;23,18;179;34,29;134;25,67;91;17,43;104;19,92;42;8,05;65;12,45;13;2,49;38;7,28;29;5,56;33;6,32;9;1,72;5;0,96;0;0,00;0;0,00;0;0,00;1;0,19;4;0,77;3;0,57;1;0,19;1;0,19;0;0,00;0;0,00;0;0,00;1;0,19;0;0,00;0;0,00;0;0,00;0;0,00;0;0,00;0;0,00;13;2,49;13;2,49;0;0,00;3;0,57;
210;210 Sandersbeek (2);1;1;919;547;59,52;;543;;4;545;2;133;24,49;122;22,39;214;39,41;173;31,74;90;16,57;78;14,31;35;6,45;62;11,38;18;3,31;50;9,17;37;6,81;40;7,34;10;1,84;6;1,10;0;0,00;0;0,00;0;0,00;4;0,73;0;0,00;1;0,18;0;0,00;0;0,00;0;0,00;0;0,00;0;0,00;0;0,00;0;0,00;0;0,00;0;0,00;3;0,55;0;0,00;0;0,00;6;1,10;6;1,10;0;0,00;0;0,00;
211;211 Tegeler Weg (1);1;1;854;400;46,84;;398;;2;393;7;98;24,62;100;25,45;174;43,72;148;37,66;26;6,53;26;6,62;29;7,29;38;9,67;15;3,77;16;4,07;42;10,55;45;11,45;8;2,01;2;0,51;0;0,00;2;0,51;0;0,00;3;0,76;2;0,50;1;0,25;1;0,25;0;0,00;0;0,00;2;0,51;0;0,00;1;0,25;0;0,00;0;0,00;0;0,00;4;1,02;0;0,00;0;0,00;3;0,75;4;1,02;0;0,00;1;0,25;
212;212 Tegeler Weg (2);1;1;660;411;62,27;;402;;9;403;8;212;52,74;193;47,89;124;30,85;105;26,05;34;8,46;38;9,43;3;0,75;5;1,24;18;4,48;49;12,16;10;2,49;8;1,99;1;0,25;1;0,25;0;0,00;0;0,00;0;0,00;2;0,50;0;0,00;1;0,25;0;0,00;0;0,00;0;0,00;0;0,00;0;0,00;0;0,00;0;0,00;0;0,00;0;0,00;0;0,00;0;0,00;0;0,00;0;0,00;1;0,25;0;0,00;0;0,00;
213;213 Gehrenring;1;1;765;392;51,24;;390;;2;390;2;101;25,90;96;24,62;141;36,15;114;29,23;70;17,95;61;15,64;30;7,69;44;11,28;23;5,90;34;8,72;14;3,59;23;5,90;4;1,03;2;0,51;0;0,00;0;0,00;0;0,00;3;0,77;3;0,77;3;0,77;0;0,00;0;0,00;0;0,00;2;0,51;0;0,00;3;0,77;0;0,00;0;0,00;0;0,00;0;0,00;0;0,00;0;0,00;4;1,03;5;1,28;0;0,00;0;0,00;
214;214 Trift (1);1;1;984;563;57,22;;561;;2;562;1;180;32,09;154;27,40;216;38,50;160;28,47;66;11,76;80;14,23;29;5,17;55;9,79;18;3,21;55;9,79;35;6,24;36;6,41;4;0,71;4;0,71;0;0,00;0;0,00;0;0,00;4;0,71;2;0,36;1;0,18;1;0,18;2;0,36;0;0,00;1;0,18;0;0,00;1;0,18;0;0,00;0;0,00;0;0,00;2;0,36;0;0,00;0;0,00;10;1,78;7;1,25;0;0,00;0;0,00;
215;215 Trift (2);1;1;928;481;51,83;;476;;5;478;3;139;29,20;115;24,06;174;36,55;128;26,78;66;13,87;80;16,74;34;7,14;59;12,34;14;2,94;40;8,37;34;7,14;41;8,58;6;1,26;0;0,00;0;0,00;0;0,00;0;0,00;4;0,84;4;0,84;3;0,63;0;0,00;0;0,00;0;0,00;1;0,21;0;0,00;2;0,42;0;0,00;0;0,00;0;0,00;1;0,21;0;0,00;0;0,00;5;1,05;4;0,84;0;0,00;0;0,00;
216;216 Alt-Geismar (1);1;1;941;534;56,75;;526;;8;527;7;145;27,57;130;24,67;188;35,74;146;27,70;79;15,02;78;14,80;46;8,75;63;11,95;17;3,23;42;7,97;29;5,51;36;6,83;7;1,33;3;0,57;0;0,00;0;0,00;0;0,00;1;0,19;3;0,57;2;0,38;1;0,19;0;0,00;0;0,00;4;0,76;0;0,00;5;0,95;0;0,00;0;0,00;0;0,00;0;0,00;0;0,00;1;0,19;11;2,09;15;2,85;0;0,00;1;0,19;
217;217 Alt-Geismar (2);1;1;916;505;55,13;;499;;6;500;5;150;30,06;152;30,40;181;36,27;122;24,40;82;16,43;76;15,20;36;7,21;68;13,60;19;3,81;41;8,20;22;4,41;25;5,00;4;0,80;3;0,60;0;0,00;0;0,00;0;0,00;2;0,40;0;0,00;1;0,20;0;0,00;1;0,20;0;0,00;1;0,20;0;0,00;2;0,40;0;0,00;0;0,00;0;0,00;1;0,20;0;0,00;1;0,20;5;1,00;4;0,80;0;0,00;0;0,00;
218;218 Treuenhagen (1);1;1;639;349;54,62;;347;;2;348;1;101;29,11;92;26,44;120;34,58;76;21,84;65;18,73;71;20,40;22;6,34;39;11,21;13;3,75;29;8,33;18;5,19;26;7,47;2;0,58;0;0,00;0;0,00;1;0,29;0;0,00;4;1,15;2;0,58;1;0,29;0;0,00;0;0,00;0;0,00;0;0,00;0;0,00;1;0,29;0;0,00;1;0,29;0;0,00;0;0,00;0;0,00;0;0,00;4;1,15;5;1,44;0;0,00;2;0,57;
219;219 Treuenhagen (2);1;1;662;413;62,39;;413;;0;413;0;124;30,02;121;29,30;152;36,80;108;26,15;68;16,46;68;16,46;33;7,99;53;12,83;9;2,18;27;6,54;18;4,36;23;5,57;3;0,73;0;0,00;0;0,00;0;0,00;0;0,00;6;1,45;3;0,73;3;0,73;0;0,00;0;0,00;0;0,00;1;0,24;0;0,00;0;0,00;0;0,00;0;0,00;0;0,00;1;0,24;0;0,00;0;0,00;3;0,73;2;0,48;0;0,00;0;0,00;
220;220 Kiessee-Karree (1);1;1;633;332;52,45;;331;;1;331;1;88;26,59;85;25,68;121;36,56;84;25,38;63;19,03;78;23,56;19;5,74;27;8,16;11;3,32;23;6,95;23;6,95;26;7,85;4;1,21;1;0,30;0;0,00;0;0,00;0;0,00;1;0,30;1;0,30;1;0,30;0;0,00;0;0,00;0;0,00;0;0,00;0;0,00;0;0,00;0;0,00;0;0,00;0;0,00;3;0,91;0;0,00;1;0,30;1;0,30;1;0,30;0;0,00;0;0,00;
221;221 Zietenterrassen (1);1;1;1111;637;57,34;;631;;6;631;6;145;22,98;143;22,66;240;38,03;186;29,48;96;15,21;94;14,90;59;9,35;82;13,00;32;5,07;55;8,72;40;6,34;48;7,61;9;1,43;6;0,95;0;0,00;0;0,00;0;0,00;6;0,95;2;0,32;1;0,16;2;0,32;0;0,00;0;0,00;3;0,48;0;0,00;0;0,00;0;0,00;1;0,16;0;0,00;0;0,00;0;0,00;1;0,16;6;0,95;4;0,63;0;0,00;1;0,16;
222;222 Kiessee-Karree (2);1;1;716;443;61,87;;441;;2;440;3;116;26,30;105;23,86;180;40,82;117;26,59;101;22,90;123;27,95;9;2,04;31;7,05;20;4,54;35;7,95;12;2,72;18;4,09;0;0,00;0;0,00;0;0,00;0;0,00;0;0,00;4;0,91;1;0,23;0;0,00;0;0,00;0;0,00;0;0,00;0;0,00;0;0,00;2;0,45;0;0,00;0;0,00;0;0,00;0;0,00;0;0,00;0;0,00;2;0,45;5;1,14;0;0,00;0;0,00;
223;223 Zietenterrassen (2);1;1;668;394;58,98;;388;;6;390;4;132;34,02;120;30,77;128;32,99;77;19,74;66;17,01;84;21,54;13;3,35;26;6,67;26;6,70;49;12,56;20;5,15;29;7,44;1;0,26;0;0,00;0;0,00;0;0,00;0;0,00;0;0,00;0;0,00;0;0,00;0;0,00;0;0,00;0;0,00;2;0,51;0;0,00;1;0,26;0;0,00;0;0,00;0;0,00;0;0,00;0;0,00;0;0,00;2;0,52;1;0,26;0;0,00;1;0,26;
301;301 Hagenberg (1);1;1;747;409;54,75;;404;;5;407;2;82;20,30;75;18,43;178;44,06;157;38,57;45;11,14;45;11,06;23;5,69;34;8,35;12;2,97;25;6,14;51;12,62;49;12,04;6;1,49;1;0,25;0;0,00;4;0,98;0;0,00;6;1,47;3;0,74;1;0,25;2;0,50;1;0,25;0;0,00;2;0,49;0;0,00;0;0,00;0;0,00;0;0,00;0;0,00;3;0,74;0;0,00;0;0,00;2;0,50;1;0,25;0;0,00;3;0,74;
302;302 Hagenberg (2);1;1;860;408;47,44;;405;;3;404;4;96;23,70;91;22,52;158;39,01;132;32,67;56;13,83;47;11,63;36;8,89;54;13,37;15;3,70;21;5,20;31;7,65;33;8,17;4;0,99;4;0,99;0;0,00;2;0,50;0;0,00;6;1,49;0;0,00;1;0,25;3;0,74;2;0,50;0;0,00;1;0,25;0;0,00;0;0,00;0;0,00;1;0,25;0;0,00;4;0,99;0;0,00;0;0,00;6;1,48;5;1,24;0;0,00;0;0,00;
303;303 Robert-Bosch-Breite;1;1;659;359;54,48;;348;;11;348;11;106;30,46;101;29,02;129;37,07;100;28,74;24;6,90;30;8,62;21;6,03;34;9,77;14;4,02;26;7,47;43;12,36;39;11,21;1;0,29;2;0,57;0;0,00;3;0,86;0;0,00;1;0,29;0;0,00;0;0,00;2;0,57;1;0,29;0;0,00;2;0,57;0;0,00;0;0,00;0;0,00;0;0,00;0;0,00;1;0,29;0;0,00;1;0,29;8;2,30;7;2,01;0;0,00;0;0,00;
304;304 Pfalz-Grona-Breite (1);1;1;738;391;52,98;;388;;3;389;2;83;21,39;68;17,48;146;37,63;114;29,31;45;11,60;55;14,14;45;11,60;63;16,20;14;3,61;31;7,97;31;7,99;29;7,46;9;2,32;3;0,77;0;0,00;1;0,26;0;0,00;3;0,77;5;1,29;1;0,26;2;0,52;0;0,00;0;0,00;1;0,26;0;0,00;3;0,77;0;0,00;1;0,26;0;0,00;1;0,26;0;0,00;1;0,26;8;2,06;11;2,83;0;0,00;3;0,77;
305;305 Pfalz-Grona-Breite (2);1;1;667;351;52,62;;343;;8;345;6;74;21,57;73;21,16;137;39,94;94;27,25;48;13,99;54;15,65;42;12,24;68;19,71;12;3,50;15;4,35;14;4,08;15;4,35;7;2,04;5;1,45;0;0,00;1;0,29;0;0,00;3;0,87;1;0,29;1;0,29;0;0,00;0;0,00;0;0,00;1;0,29;0;0,00;3;0,87;0;0,00;0;0,00;0;0,00;1;0,29;0;0,00;2;0,58;8;2,33;7;2,03;0;0,00;2;0,58;
306;306 Egelsberg (1);1;1;733;411;56,07;;410;;1;410;1;86;20,98;70;17,07;150;36,59;124;30,24;78;19,02;70;17,07;34;8,29;64;15,61;6;1,46;24;5,85;33;8,05;34;8,29;8;1,95;4;0,98;0;0,00;0;0,00;0;0,00;6;1,46;0;0,00;0;0,00;1;0,24;0;0,00;0;0,00;1;0,24;0;0,00;0;0,00;0;0,00;1;0,24;0;0,00;2;0,49;0;0,00;2;0,49;14;3,41;8;1,95;0;0,00;0;0,00;
307;307 Egelsberg (2);1;1;691;374;54,12;;369;;5;369;5;69;18,70;65;17,62;152;41,19;114;30,89;47;12,74;50;13,55;46;12,47;74;20,05;10;2,71;14;3,79;26;7,05;28;7,59;1;0,27;0;0,00;0;0,00;0;0,00;0;0,00;5;1,36;1;0,27;1;0,27;1;0,27;1;0,27;0;0,00;0;0,00;0;0,00;1;0,27;0;0,00;0;0,00;0;0,00;3;0,81;0;0,00;0;0,00;16;4,34;13;3,52;0;0,00;0;0,00;
308;308 Saline (1);1;1;985;522;52,99;;515;;7;516;6;120;23,30;117;22,67;220;42,72;178;34,50;44;8,54;49;9,50;42;8,16;57;11,05;16;3,11;37;7,17;59;11,46;57;11,05;2;0,39;2;0,39;0;0,00;0;0,00;0;0,00;6;1,16;1;0,19;0;0,00;1;0,19;0;0,00;0;0,00;2;0,39;0;0,00;1;0,19;0;0,00;0;0,00;0;0,00;1;0,19;0;0,00;0;0,00;10;1,94;7;1,36;0;0,00;2;0,39;
309;309 Saline (2);1;1;761;388;50,99;;384;;4;382;6;96;25,00;90;23,56;145;37,76;127;33,25;28;7,29;27;7,07;23;5,99;32;8,38;19;4,95;26;6,81;56;14,58;57;14,92;4;1,04;2;0,52;0;0,00;2;0,52;0;0,00;5;1,31;4;1,04;2;0,52;1;0,26;0;0,00;0;0,00;0;0,00;0;0,00;1;0,26;0;0,00;0;0,00;0;0,00;1;0,26;0;0,00;0;0,00;8;2,08;7;1,83;0;0,00;3;0,79;
310;310 Springmühle (1);1;1;1027;496;48,30;;492;;4;491;5;128;26,02;124;25,25;199;40,45;170;34,62;39;7,93;39;7,94;31;6,30;38;7,74;13;2,64;18;3,67;66;13,41;74;15,07;5;1,02;3;0,61;0;0,00;1;0,20;0;0,00;9;1,83;2;0,41;1;0,20;0;0,00;0;0,00;0;0,00;1;0,20;0;0,00;0;0,00;0;0,00;0;0,00;0;0,00;5;1,02;0;0,00;0;0,00;9;1,83;7;1,43;0;0,00;1;0,20;
311;311 Alt-Grone (1);1;1;762;396;51,97;;395;;1;393;3;106;26,84;93;23,66;158;40,00;124;31,55;36;9,11;50;12,72;32;8,10;50;12,72;18;4,56;25;6,36;37;9,37;40;10,18;1;0,25;1;0,25;0;0,00;1;0,25;0;0,00;3;0,76;3;0,76;0;0,00;0;0,00;0;0,00;0;0,00;0;0,00;0;0,00;0;0,00;0;0,00;1;0,25;0;0,00;0;0,00;0;0,00;0;0,00;4;1,01;5;1,27;0;0,00;0;0,00;
312;312 Grone-Süd (1);1;1;810;417;51,48;;411;;6;414;3;77;18,73;76;18,36;200;48,66;170;41,06;40;9,73;42;10,14;25;6,08;43;10,39;12;2,92;22;5,31;42;10,22;43;10,39;7;1,70;2;0,48;0;0,00;1;0,24;0;0,00;4;0,97;2;0,49;3;0,72;2;0,49;2;0,48;0;0,00;2;0,48;0;0,00;1;0,24;0;0,00;0;0,00;0;0,00;0;0,00;0;0,00;0;0,00;4;0,97;2;0,48;0;0,00;1;0,24;
313;313 Grone-Süd (2);1;1;649;302;46,53;;294;;8;294;8;68;23,13;70;23,81;122;41,50;105;35,71;23;7,82;19;6,46;25;8,50;32;10,88;10;3,40;18;6,12;35;11,90;27;9,18;3;1,02;2;0,68;0;0,00;6;2,04;0;0,00;5;1,70;1;0,34;2;0,68;1;0,34;1;0,34;0;0,00;0;0,00;0;0,00;0;0,00;0;0,00;0;0,00;0;0,00;0;0,00;0;0,00;0;0,00;6;2,04;5;1,70;0;0,00;2;0,68;
314;314 Grone-Süd (3);1;1;607;311;51,24;;306;;5;308;3;86;28,10;78;25,32;130;42,48;107;34,74;17;5,56;21;6,82;32;10,46;40;12,99;13;4,25;17;5,52;18;5,88;29;9,42;3;0,98;1;0,32;0;0,00;0;0,00;0;0,00;2;0,65;0;0,00;0;0,00;0;0,00;0;0,00;0;0,00;1;0,32;0;0,00;2;0,65;0;0,00;1;0,32;0;0,00;0;0,00;0;0,00;0;0,00;7;2,29;9;2,92;0;0,00;0;0,00;
315;315 Alt-Grone (2);1;1;640;337;52,66;;324;;13;326;11;64;19,75;60;18,40;120;37,04;108;33,13;20;6,17;24;7,36;43;13,27;47;14,42;18;5,56;28;8,59;53;16,36;48;14,72;3;0,93;3;0,92;0;0,00;1;0,31;0;0,00;1;0,31;0;0,00;1;0,31;0;0,00;0;0,00;0;0,00;0;0,00;0;0,00;0;0,00;0;0,00;0;0,00;0;0,00;0;0,00;0;0,00;0;0,00;3;0,93;5;1,53;0;0,00;0;0,00;
316;316 Springmühle (2);1;1;546;292;53,48;;289;;3;291;1;73;25,26;65;22,34;129;44,64;109;37,46;16;5,54;20;6,87;19;6,57;24;8,25;13;4,50;30;10,31;29;10,03;31;10,65;4;1,38;0;0,00;0;0,00;4;1,37;0;0,00;3;1,03;0;0,00;0;0,00;0;0,00;0;0,00;0;0,00;0;0,00;0;0,00;0;0,00;0;0,00;0;0,00;0;0,00;1;0,34;0;0,00;0;0,00;6;2,08;3;1,03;0;0,00;1;0,34;
317;317 Grone-Süd (4);1;1;865;497;57,46;;489;;8;492;5;146;29,86;136;27,64;202;41,31;167;33,94;31;6,34;44;8,94;24;4,91;29;5,89;29;5,93;45;9,15;45;9,20;51;10,37;1;0,20;1;0,20;0;0,00;1;0,20;0;0,00;7;1,42;3;0,61;1;0,20;2;0,41;2;0,41;0;0,00;2;0,41;0;0,00;0;0,00;0;0,00;0;0,00;0;0,00;1;0,20;0;0,00;0;0,00;6;1,23;5;1,02;0;0,00;0;0,00;
318;318 Groß Ellershausen;1;1;1067;693;64,95;;683;;10;685;8;248;36,31;209;30,51;265;38,80;206;30,07;59;8,64;83;12,12;35;5,12;52;7,59;25;3,66;71;10,36;43;6,30;49;7,15;2;0,29;1;0,15;0;0,00;0;0,00;0;0,00;5;0,73;4;0,59;4;0,58;0;0,00;0;0,00;0;0,00;0;0,00;0;0,00;0;0,00;0;0,00;0;0,00;0;0,00;1;0,15;0;0,00;0;0,00;2;0,29;3;0,44;0;0,00;1;0,15;
319;319 Hetjershausen;1;1;858;527;61,42;;525;;2;524;3;238;45,33;194;37,02;177;33,71;135;25,76;31;5,90;43;8,21;18;3,43;23;4,39;30;5,71;76;14,50;23;4,38;34;6,49;3;0,57;3;0,57;0;0,00;2;0,38;0;0,00;4;0,76;1;0,19;2;0,38;0;0,00;0;0,00;0;0,00;0;0,00;0;0,00;0;0,00;0;0,00;0;0,00;0;0,00;1;0,19;0;0,00;1;0,19;4;0,76;6;1,15;0;0,00;0;0,00;
320;320 Knutbühren;1;1;112;82;73,21;;82;;0;82;0;32;39,02;35;42,68;23;28,05;22;26,83;14;17,07;6;7,32;4;4,88;11;13,41;1;1,22;1;1,22;3;3,66;5;6,10;3;3,66;1;1,22;0;0,00;0;0,00;0;0,00;0;0,00;1;1,22;0;0,00;0;0,00;0;0,00;0;0,00;0;0,00;0;0,00;0;0,00;0;0,00;0;0,00;0;0,00;0;0,00;0;0,00;0;0,00;1;1,22;1;1,22;0;0,00;0;0,00;
321;321 Esebeck;1;1;468;270;57,69;;268;;2;267;3;102;38,06;92;34,46;111;41,42;92;34,46;17;6,34;17;6,37;10;3,73;15;5,62;8;2,99;27;10,11;14;5,22;15;5,62;4;1,49;1;0,37;0;0,00;2;0,75;0;0,00;2;0,75;0;0,00;0;0,00;1;0,37;1;0,37;0;0,00;0;0,00;0;0,00;0;0,00;0;0,00;0;0,00;0;0,00;1;0,37;0;0,00;0;0,00;1;0,37;2;0,75;0;0,00;0;0,00;
322;322 Elliehausen (1);1;1;1321;755;57,15;;747;;8;750;5;243;32,53;222;29,60;276;36,95;241;32,13;83;11,11;75;10,00;31;4,15;47;6,27;35;4,69;75;10,00;60;8,03;64;8,53;12;1,61;3;0,40;0;0,00;1;0,13;0;0,00;9;1,20;2;0,27;0;0,00;0;0,00;0;0,00;0;0,00;2;0,27;0;0,00;1;0,13;0;0,00;0;0,00;0;0,00;2;0,27;0;0,00;0;0,00;5;0,67;8;1,07;0;0,00;0;0,00;
323;323 Elliehausen (2);1;1;819;427;52,14;;426;;1;423;4;141;33,10;128;30,26;171;40,14;146;34,52;31;7,28;44;10,40;31;7,28;38;8,98;16;3,76;29;6,86;23;5,40;27;6,38;1;0,23;2;0,47;0;0,00;0;0,00;0;0,00;2;0,47;2;0,47;1;0,24;3;0,70;2;0,47;0;0,00;0;0,00;0;0,00;0;0,00;0;0,00;0;0,00;0;0,00;1;0,24;0;0,00;0;0,00;7;1,64;3;0,71;0;0,00;0;0,00;
401;401 Albrecht-Thaer-Weg;1;1;837;387;46,24;;383;;4;385;2;61;15,93;45;11,69;116;30,29;87;22,60;83;21,67;76;19,74;67;17,49;81;21,04;19;4,96;44;11,43;11;2,87;14;3,64;4;1,04;5;1,30;0;0,00;0;0,00;0;0,00;3;0,78;3;0,78;2;0,52;1;0,26;0;0,00;0;0,00;2;0,52;0;0,00;6;1,56;0;0,00;0;0,00;0;0,00;2;0,52;0;0,00;1;0,26;18;4,70;16;4,16;0;0,00;1;0,26;
403;403 Sültebecksbreite (1);1;1;730;403;55,21;;401;;2;401;2;68;16,96;73;18,20;133;33,17;100;24,94;91;22,69;81;20,20;51;12,72;77;19,20;17;4,24;18;4,49;17;4,24;19;4,74;9;2,24;5;1,25;0;0,00;0;0,00;0;0,00;2;0,50;2;0,50;1;0,25;1;0,25;1;0,25;0;0,00;2;0,50;0;0,00;2;0,50;0;0,00;2;0,50;0;0,00;2;0,50;0;0,00;2;0,50;12;2,99;14;3,49;0;0,00;0;0,00;
404;404 Weende-Nord (3);1;1;553;281;50,81;;279;;2;281;0;91;32,62;72;25,62;93;33,33;76;27,05;34;12,19;47;16,73;17;6,09;23;8,19;15;5,38;29;10,32;19;6,81;20;7,12;5;1,79;1;0,36;0;0,00;1;0,36;0;0,00;3;1,07;1;0,36;0;0,00;0;0,00;0;0,00;0;0,00;1;0,36;0;0,00;0;0,00;0;0,00;0;0,00;0;0,00;0;0,00;0;0,00;0;0,00;4;1,43;7;2,49;0;0,00;1;0,36;
405;405 Ernst-Fahlbusch-Straße (4);1;1;720;385;53,47;;383;;2;382;3;95;24,80;96;25,13;129;33,68;112;29,32;64;16,71;57;14,92;38;9,92;47;12,30;17;4,44;28;7,33;16;4,18;15;3,93;10;2,61;9;2,36;0;0,00;0;0,00;0;0,00;7;1,83;2;0,52;0;0,00;0;0,00;0;0,00;0;0,00;1;0,26;0;0,00;0;0,00;0;0,00;0;0,00;0;0,00;0;0,00;0;0,00;3;0,79;12;3,13;7;1,83;0;0,00;0;0,00;
406;406 Universität-Nord (1);1;1;736;390;52,99;;385;;5;386;4;88;22,86;87;22,54;136;35,32;106;27,46;87;22,60;80;20,73;27;7,01;43;11,14;23;5,97;41;10,62;5;1,30;10;2,59;5;1,30;5;1,30;0;0,00;0;0,00;0;0,00;2;0,52;4;1,04;3;0,78;1;0,26;1;0,26;0;0,00;0;0,00;0;0,00;0;0,00;0;0,00;1;0,26;0;0,00;0;0,00;0;0,00;1;0,26;9;2,34;6;1,55;0;0,00;0;0,00;
407;407 Industriegebiet Weende;1;1;669;328;49,03;;326;;2;327;1;80;24,54;69;21,10;107;32,82;88;26,91;56;17,18;47;14,37;28;8,59;48;14,68;15;4,60;28;8,56;17;5,21;24;7,34;7;2,15;2;0,61;0;0,00;2;0,61;0;0,00;0;0,00;3;0,92;2;0,61;2;0,61;0;0,00;0;0,00;1;0,31;0;0,00;1;0,31;0;0,00;0;0,00;0;0,00;1;0,31;0;0,00;0;0,00;11;3,37;11;3,36;0;0,00;3;0,92;
408;408 Theodor-Heuss-Straße;1;1;756;307;40,61;;306;;1;307;0;73;23,86;67;21,82;107;34,97;64;20,85;49;16,01;66;21,50;33;10,78;42;13,68;23;7,52;36;11,73;11;3,59;17;5,54;3;0,98;1;0,33;0;0,00;0;0,00;0;0,00;2;0,65;1;0,33;3;0,98;2;0,65;0;0,00;0;0,00;2;0,65;0;0,00;1;0,33;0;0,00;0;0,00;0;0,00;0;0,00;0;0,00;1;0,33;4;1,31;5;1,63;0;0,00;0;0,00;
409;409 Alt-Weende (1);1;1;855;485;56,73;;484;;1;484;1;102;21,07;81;16,74;179;36,98;155;32,02;106;21,90;93;19,21;38;7,85;61;12,60;20;4,13;44;9,09;17;3,51;24;4,96;8;1,65;5;1,03;0;0,00;0;0,00;0;0,00;2;0,41;3;0,62;3;0,62;1;0,21;0;0,00;0;0,00;2;0,41;0;0,00;0;0,00;0;0,00;1;0,21;0;0,00;0;0,00;0;0,00;1;0,21;10;2,07;10;2,07;0;0,00;2;0,41;
410;410 Alt-Weende (2);1;1;769;395;51,37;;393;;2;393;2;87;22,14;76;19,34;129;32,82;91;23,16;77;19,59;83;21,12;38;9,67;52;13,23;19;4,83;34;8,65;23;5,85;27;6,87;3;0,76;10;2,54;0;0,00;1;0,25;0;0,00;4;1,02;3;0,76;1;0,25;0;0,00;0;0,00;0;0,00;2;0,51;0;0,00;3;0,76;0;0,00;0;0,00;0;0,00;0;0,00;0;0,00;2;0,51;14;3,56;7;1,78;0;0,00;0;0,00;
411;411 Ernst-Fahlbusch-Straße (1);1;1;604;358;59,27;;356;;2;357;1;91;25,56;98;27,45;119;33,43;83;23,25;63;17,70;54;15,13;24;6,74;42;11,76;18;5,06;35;9,80;30;8,43;29;8,12;4;1,12;4;1,12;0;0,00;0;0,00;0;0,00;3;0,84;1;0,28;0;0,00;1;0,28;0;0,00;0;0,00;1;0,28;0;0,00;2;0,56;0;0,00;0;0,00;0;0,00;2;0,56;0;0,00;2;0,56;5;1,40;2;0,56;0;0,00;0;0,00;
412;412 Weende-Nord (1);1;1;598;348;58,19;;345;;3;346;2;87;25,22;81;23,41;141;40,87;108;31,21;55;15,94;61;17,63;24;6,96;33;9,54;12;3,48;29;8,38;18;5,22;22;6,36;3;0,87;1;0,29;0;0,00;2;0,58;0;0,00;4;1,16;3;0,87;1;0,29;0;0,00;0;0,00;0;0,00;0;0,00;0;0,00;0;0,00;0;0,00;0;0,00;0;0,00;0;0,00;0;0,00;0;0,00;2;0,58;4;1,16;0;0,00;0;0,00;
413;413 Ernst-Fahlbusch-Straße (2);1;1;605;317;52,40;;316;;1;315;2;72;22,78;74;23,49;119;37,66;94;29,84;34;10,76;26;8,25;35;11,08;47;14,92;12;3,80;16;5,08;30;9,49;37;11,75;7;2,22;7;2,22;0;0,00;1;0,32;0;0,00;3;0,95;2;0,63;3;0,95;0;0,00;0;0,00;0;0,00;1;0,32;0;0,00;0;0,00;0;0,00;0;0,00;0;0,00;1;0,32;0;0,00;0;0,00;5;1,58;5;1,59;0;0,00;0;0,00;
414;414 Holtenser Berg (1);1;1;807;426;52,79;;417;;9;413;13;86;20,62;83;20,10;161;38,61;136;32,93;24;5,76;31;7,51;35;8,39;35;8,47;22;5,28;23;5,57;83;19,90;91;22,03;2;0,48;3;0,73;0;0,00;1;0,24;0;0,00;2;0,48;0;0,00;0;0,00;3;0,72;2;0,48;0;0,00;3;0,73;0;0,00;0;0,00;0;0,00;0;0,00;0;0,00;1;0,24;0;0,00;0;0,00;1;0,24;2;0,48;0;0,00;0;0,00;
415;415 Holtenser Berg (2);1;1;1066;537;50,38;;528;;9;524;13;106;20,08;111;21,18;211;39,96;183;34,92;30;5,68;31;5,92;44;8,33;50;9,54;20;3,79;25;4,77;98;18,56;105;20,04;8;1,52;2;0,38;0;0,00;0;0,00;0;0,00;7;1,34;3;0,57;1;0,19;0;0,00;0;0,00;0;0,00;4;0,76;0;0,00;0;0,00;0;0,00;0;0,00;0;0,00;1;0,19;0;0,00;0;0,00;8;1,52;4;0,76;0;0,00;0;0,00;
416;416 Holtenser Berg (3);1;1;817;419;51,29;;411;;8;409;10;86;20,92;84;20,54;188;45,74;161;39,36;13;3,16;20;4,89;37;9,00;45;11,00;15;3,65;22;5,38;66;16,06;66;16,14;2;0,49;1;0,24;0;0,00;0;0,00;0;0,00;1;0,24;2;0,49;2;0,49;0;0,00;1;0,24;0;0,00;1;0,24;0;0,00;0;0,00;0;0,00;1;0,24;0;0,00;0;0,00;0;0,00;0;0,00;2;0,49;4;0,98;0;0,00;0;0,00;
417;417 Holtensen (1);1;1;691;404;58,47;;401;;3;401;3;109;27,18;109;27,18;172;42,89;140;34,91;35;8,73;40;9,98;21;5,24;35;8,73;22;5,49;30;7,48;34;8,48;39;9,73;2;0,50;2;0,50;0;0,00;0;0,00;0;0,00;1;0,25;1;0,25;0;0,00;1;0,25;0;0,00;0;0,00;0;0,00;0;0,00;0;0,00;0;0,00;0;0,00;0;0,00;0;0,00;0;0,00;0;0,00;4;1,00;5;1,25;0;0,00;0;0,00;
418;418 Holtensen (2);1;1;667;404;60,57;;401;;3;401;3;130;32,42;121;30,17;167;41,65;131;32,67;26;6,48;30;7,48;17;4,24;28;6,98;10;2,49;31;7,73;43;10,72;48;11,97;3;0,75;1;0,25;0;0,00;0;0,00;0;0,00;6;1,50;3;0,75;2;0,50;0;0,00;0;0,00;0;0,00;0;0,00;0;0,00;0;0,00;0;0,00;0;0,00;0;0,00;1;0,25;0;0,00;0;0,00;2;0,50;2;0,50;0;0,00;0;0,00;
419;419 Universität-Nord (2);1;1;943;487;51,64;;479;;8;483;4;91;19,00;85;17,60;184;38,41;123;25,47;76;15,87;88;18,22;60;12,53;85;17,60;26;5,43;40;8,28;22;4,59;30;6,21;9;1,88;7;1,45;0;0,00;0;0,00;0;0,00;4;0,83;1;0,21;2;0,41;0;0,00;0;0,00;0;0,00;2;0,41;0;0,00;0;0,00;0;0,00;0;0,00;0;0,00;1;0,21;0;0,00;2;0,41;10;2,09;11;2,28;0;0,00;3;0,62;
420;420 Universität-Nord (3);1;1;733;422;57,57;;421;;1;421;1;99;23,52;85;20,19;130;30,88;91;21,62;87;20,67;70;16,63;38;9,03;69;16,39;19;4,51;48;11,40;26;6,18;27;6,41;4;0,95;6;1,43;0;0,00;1;0,24;0;0,00;4;0,95;2;0,48;3;0,71;0;0,00;0;0,00;0;0,00;1;0,24;0;0,00;2;0,48;0;0,00;0;0,00;0;0,00;2;0,48;0;0,00;0;0,00;16;3,80;9;2,14;0;0,00;3;0,71;
421;421 Weende-Nord (2);1;1;1015;611;60,20;;603;;8;603;8;203;33,67;171;28,36;234;38,81;199;33,00;73;12,11;80;13,27;37;6,14;51;8,46;20;3,32;63;10,45;26;4,31;28;4,64;2;0,33;2;0,33;0;0,00;1;0,17;0;0,00;3;0,50;0;0,00;0;0,00;0;0,00;0;0,00;0;0,00;1;0,17;0;0,00;0;0,00;0;0,00;0;0,00;0;0,00;0;0,00;0;0,00;0;0,00;8;1,33;4;0,66;0;0,00;0;0,00;
422;422 Plesseweg;1;1;694;357;51,44;;354;;3;355;2;76;21,47;62;17,46;101;28,53;72;20,28;86;24,29;75;21,13;45;12,71;71;20,00;13;3,67;38;10,70;16;4,52;18;5,07;5;1,41;1;0,28;0;0,00;0;0,00;0;0,00;6;1,69;2;0,56;1;0,28;1;0,28;0;0,00;0;0,00;1;0,28;0;0,00;4;1,13;0;0,00;0;0,00;0;0,00;0;0,00;0;0,00;1;0,28;9;2,54;5;1,41;0;0,00;0;0,00;
423;423 Stumpfe Eiche;1;1;630;383;60,79;;379;;4;380;3;126;33,25;106;27,89;122;32,19;93;24,47;66;17,41;72;18,95;17;4,49;30;7,89;18;4,75;37;9,74;24;6,33;29;7,63;0;0,00;3;0,79;0;0,00;0;0,00;0;0,00;1;0,26;1;0,26;0;0,00;1;0,26;0;0,00;0;0,00;0;0,00;0;0,00;0;0,00;0;0,00;1;0,26;0;0,00;2;0,53;0;0,00;1;0,26;4;1,06;4;1,05;0;0,00;1;0,26;
424;424 Alt-Weende (3);1;1;644;357;55,43;;354;;3;356;1;76;21,47;59;16,57;111;31,36;88;24,72;59;16,67;62;17,42;33;9,32;48;13,48;22;6,21;31;8,71;28;7,91;33;9,27;15;4,24;10;2,81;0;0,00;1;0,28;0;0,00;5;1,40;0;0,00;0;0,00;0;0,00;0;0,00;0;0,00;2;0,56;0;0,00;2;0,56;0;0,00;0;0,00;0;0,00;1;0,28;0;0,00;1;0,28;10;2,82;12;3,37;0;0,00;1;0,28;
425;425 Ernst-Fahlbusch-Straße (3);1;1;632;355;56,17;;354;;1;353;2;73;20,62;67;18,98;132;37,29;90;25,50;65;18,36;77;21,81;31;8,76;52;14,73;15;4,24;32;9,07;20;5,65;23;6,52;9;2,54;2;0,57;0;0,00;0;0,00;0;0,00;2;0,57;3;0,85;1;0,28;0;0,00;0;0,00;0;0,00;1;0,28;0;0,00;0;0,00;0;0,00;1;0,28;0;0,00;0;0,00;0;0,00;0;0,00;6;1,69;5;1,42;0;0,00;0;0,00;
501;501 Neues Rathaus (1);1;1;1024;557;54,39;;553;;4;548;9;112;20,25;109;19,89;180;32,55;126;22,99;149;26,94;135;24,64;55;9,95;102;18,61;23;4,16;36;6,57;12;2,17;15;2,74;6;1,08;2;0,36;0;0,00;0;0,00;0;0,00;4;0,73;1;0,18;1;0,18;4;0,72;2;0,36;0;0,00;4;0,73;0;0,00;1;0,18;0;0,00;0;0,00;0;0,00;0;0,00;0;0,00;2;0,36;11;1,99;8;1,46;0;0,00;1;0,18;
502;502 Neues Rathaus (2);1;1;1065;624;58,59;;620;;4;624;0;102;16,45;97;15,54;219;35,32;120;19,23;156;25,16;169;27,08;73;11,77;140;22,44;23;3,71;48;7,69;15;2,42;25;4,01;17;2,74;5;0,80;0;0,00;0;0,00;0;0,00;2;0,32;3;0,48;2;0,32;1;0,16;0;0,00;0;0,00;1;0,16;0;0,00;1;0,16;0;0,00;3;0,48;0;0,00;1;0,16;0;0,00;0;0,00;11;1,77;10;1,60;0;0,00;0;0,00;
503;503 Bunsenstraße;1;1;667;393;58,92;;391;;2;391;2;68;17,39;62;15,86;125;31,97;88;22,51;98;25,06;87;22,25;56;14,32;90;23,02;14;3,58;30;7,67;13;3,32;17;4,35;10;2,56;3;0,77;0;0,00;0;0,00;0;0,00;6;1,53;1;0,26;0;0,00;0;0,00;0;0,00;0;0,00;3;0,77;0;0,00;1;0,26;0;0,00;0;0,00;0;0,00;0;0,00;0;0,00;0;0,00;6;1,53;4;1,02;0;0,00;0;0,00;
504;504 Jahnstadion;1;1;1295;697;53,82;;693;;4;695;2;154;22,22;133;19,14;221;31,89;140;20,14;151;21,79;162;23,31;88;12,70;144;20,72;25;3,61;45;6,47;31;4,47;34;4,89;5;0,72;7;1,01;0;0,00;1;0,14;0;0,00;4;0,58;1;0,14;2;0,29;1;0,14;1;0,14;0;0,00;1;0,14;0;0,00;0;0,00;0;0,00;0;0,00;0;0,00;0;0,00;0;0,00;1;0,14;16;2,31;20;2,88;0;0,00;0;0,00;
505;505 Gartetalbahnhof;1;1;981;470;47,91;;467;;3;469;1;72;15,42;60;12,79;143;30,62;104;22,17;117;25,05;108;23,03;70;14,99;97;20,68;21;4,50;37;7,89;21;4,50;27;5,76;5;1,07;0;0,00;0;0,00;1;0,21;0;0,00;7;1,49;2;0,43;1;0,21;2;0,43;0;0,00;0;0,00;1;0,21;0;0,00;1;0,21;0;0,00;2;0,43;0;0,00;2;0,43;0;0,00;0;0,00;14;3,00;18;3,84;0;0,00;3;0,64;
506;506 Landeskrankenhaus;1;1;673;367;54,53;;363;;4;363;4;81;22,31;87;23,97;165;45,45;139;38,29;33;9,09;29;7,99;20;5,51;33;9,09;14;3,86;18;4,96;40;11,02;41;11,29;6;1,65;3;0,83;0;0,00;3;0,83;0;0,00;4;1,10;0;0,00;0;0,00;1;0,28;1;0,28;0;0,00;0;0,00;0;0,00;0;0,00;0;0,00;0;0,00;0;0,00;0;0,00;0;0,00;0;0,00;3;0,83;5;1,38;0;0,00;0;0,00;
507;507 Leineberg (1);1;1;735;426;57,96;;422;;4;422;4;96;22,75;95;22,51;176;41,71;143;33,89;24;5,69;22;5,21;37;8,77;48;11,37;23;5,45;31;7,35;50;11,85;60;14,22;4;0,95;1;0,24;0;0,00;2;0,47;0;0,00;6;1,42;5;1,18;1;0,24;3;0,71;1;0,24;0;0,00;1;0,24;0;0,00;2;0,47;0;0,00;0;0,00;0;0,00;2;0,47;0;0,00;1;0,24;4;0,95;6;1,42;0;0,00;0;0,00;
508;508 Leineberg (2);1;1;757;451;59,58;;447;;4;449;2;116;25,95;118;26,28;169;37,81;139;30,96;57;12,75;50;11,14;37;8,28;57;12,69;14;3,13;20;4,45;39;8,72;50;11,14;3;0,67;1;0,22;0;0,00;0;0,00;0;0,00;3;0,67;1;0,22;2;0,45;3;0,67;0;0,00;0;0,00;0;0,00;0;0,00;3;0,67;0;0,00;0;0,00;0;0,00;0;0,00;0;0,00;0;0,00;8;1,79;5;1,11;0;0,00;1;0,22;
509;509 Bahnhof-West;1;1;792;295;37,25;;293;;2;294;1;53;18,09;50;17,01;97;33,11;81;27,55;59;20,14;52;17,69;36;12,29;53;18,03;3;1,02;18;6,12;26;8,87;24;8,16;7;2,39;1;0,34;0;0,00;1;0,34;0;0,00;0;0,00;1;0,34;1;0,34;3;1,02;2;0,68;0;0,00;2;0,68;0;0,00;0;0,00;0;0,00;0;0,00;0;0,00;0;0,00;0;0,00;0;0,00;8;2,73;8;2,72;0;0,00;1;0,34;
510;510 Bahnhof-Ost;1;1;846;392;46,34;;387;;5;389;3;81;20,93;69;17,74;118;30,49;91;23,39;80;20,67;82;21,08;50;12,92;71;18,25;19;4,91;33;8,48;21;5,43;25;6,43;6;1,55;3;0,77;0;0,00;0;0,00;0;0,00;3;0,77;0;0,00;0;0,00;0;0,00;0;0,00;0;0,00;0;0,00;0;0,00;2;0,51;0;0,00;1;0,26;0;0,00;0;0,00;0;0,00;0;0,00;12;3,10;9;2,31;0;0,00;0;0,00;
511;511 Goethe-Allee;1;1;1010;516;51,09;;515;;1;515;1;91;17,67;74;14,37;162;31,46;104;20,19;125;24,27;130;25,24;57;11,07;99;19,22;29;5,63;60;11,65;18;3,50;21;4,08;9;1,75;2;0,39;0;0,00;0;0,00;0;0,00;1;0,19;2;0,39;1;0,19;0;0,00;0;0,00;0;0,00;4;0,78;0;0,00;4;0,78;0;0,00;0;0,00;0;0,00;0;0,00;0;0,00;1;0,19;22;4,27;13;2,52;0;0,00;1;0,19;
512;512 Nikolaistraße (1);1;1;883;454;51,42;;450;;4;452;2;62;13,78;55;12,17;145;32,22;95;21,02;115;25,56;113;25,00;58;12,89;107;23,67;12;2,67;29;6,42;13;2,89;15;3,32;11;2,44;3;0,66;0;0,00;0;0,00;0;0,00;2;0,44;3;0,67;3;0,66;0;0,00;0;0,00;0;0,00;2;0,44;0;0,00;2;0,44;0;0,00;1;0,22;0;0,00;0;0,00;0;0,00;0;0,00;31;6,89;24;5,31;0;0,00;1;0,22;
513;513 Albanikirchhof;1;1;1246;647;51,93;;644;;3;643;4;127;19,72;111;17,26;197;30,59;125;19,44;169;26,24;151;23,48;67;10,40;125;19,44;27;4,19;61;9,49;16;2,48;23;3,58;10;1,55;4;0,62;0;0,00;0;0,00;0;0,00;8;1,24;2;0,31;2;0,31;3;0,47;0;0,00;0;0,00;2;0,31;0;0,00;3;0,47;0;0,00;2;0,31;0;0,00;0;0,00;0;0,00;1;0,16;26;4,04;22;3,42;0;0,00;3;0,47;
514;514 Theaterstraße (1);1;1;559;278;49,73;;276;;2;278;0;55;19,93;52;18,71;90;32,61;53;19,06;60;21,74;63;22,66;23;8,33;47;16,91;23;8,33;33;11,87;13;4,71;17;6,12;3;1,09;0;0,00;0;0,00;0;0,00;0;0,00;4;1,44;1;0,36;0;0,00;0;0,00;0;0,00;0;0,00;1;0,36;0;0,00;1;0,36;0;0,00;3;1,08;0;0,00;0;0,00;0;0,00;0;0,00;8;2,90;4;1,44;0;0,00;0;0,00;
515;515 Deutsches Theater;1;1;986;570;57,81;;568;;2;570;0;170;29,93;128;22,46;160;28,17;96;16,84;134;23,59;147;25,79;41;7,22;62;10,88;35;6,16;101;17,72;12;2,11;19;3,33;3;0,53;3;0,53;0;0,00;0;0,00;0;0,00;4;0,70;1;0,18;1;0,18;0;0,00;0;0,00;0;0,00;0;0,00;0;0,00;0;0,00;0;0,00;0;0,00;0;0,00;4;0,70;0;0,00;1;0,18;12;2,11;4;0,70;0;0,00;0;0,00;
516;516 Nikolaistraße (2);1;1;648;309;47,69;;309;;0;309;0;43;13,92;45;14,56;96;31,07;56;18,12;83;26,86;73;23,62;41;13,27;78;25,24;15;4,85;26;8,41;8;2,59;9;2,91;5;1,62;3;0,97;0;0,00;0;0,00;0;0,00;5;1,62;4;1,29;5;1,62;0;0,00;0;0,00;0;0,00;0;0,00;0;0,00;3;0,97;0;0,00;1;0,32;0;0,00;0;0,00;0;0,00;1;0,32;14;4,53;4;1,29;0;0,00;0;0,00;
517;517 Theaterstraße (2);1;1;605;297;49,09;;297;;0;296;1;60;20,20;45;15,20;73;24,58;39;13,18;71;23,91;60;20,27;47;15,82;87;29,39;20;6,73;37;12,50;6;2,02;10;3,38;9;3,03;4;1,35;0;0,00;0;0,00;0;0,00;2;0,68;1;0,34;1;0,34;1;0,34;1;0,34;0;0,00;2;0,68;0;0,00;0;0,00;0;0,00;0;0,00;0;0,00;0;0,00;0;0,00;0;0,00;9;3,03;7;2,36;0;0,00;1;0,34;
518;518 Sültebecksbreite (2);1;1;1074;585;54,47;;575;;10;580;5;108;18,78;108;18,62;223;38,78;157;27,07;106;18,43;97;16,72;64;11,13;113;19,48;11;1,91;33;5,69;37;6,43;39;6,72;11;1,91;4;0,69;0;0,00;0;0,00;0;0,00;7;1,21;1;0,17;3;0,52;1;0,17;0;0,00;0;0,00;4;0,69;0;0,00;2;0,34;0;0,00;0;0,00;0;0,00;0;0,00;0;0,00;0;0,00;13;2,26;13;2,24;0;0,00;0;0,00;
519;519 Arndtstraße;1;1;1088;506;46,51;;501;;5;501;5;80;15,97;79;15,77;169;33,73;116;23,15;113;22,55;108;21,56;60;11,98;90;17,96;30;5,99;46;9,18;19;3,79;23;4,59;11;2,20;7;1,40;0;0,00;0;0,00;0;0,00;2;0,40;0;0,00;0;0,00;4;0,80;2;0,40;0;0,00;2;0,40;0;0,00;3;0,60;0;0,00;0;0,00;0;0,00;2;0,40;0;0,00;1;0,20;15;2,99;18;3,59;0;0,00;2;0,40;
520;520 Güterbahnhof;1;1;1122;460;41,00;;458;;2;458;2;96;20,96;74;16,16;138;30,13;96;20,96;107;23,36;94;20,52;62;13,54;97;21,18;21;4,59;49;10,70;11;2,40;16;3,49;8;1,75;3;0,66;0;0,00;0;0,00;0;0,00;8;1,75;2;0,44;3;0,66;1;0,22;0;0,00;0;0,00;1;0,22;0;0,00;4;0,87;0;0,00;1;0,22;0;0,00;1;0,22;0;0,00;0;0,00;12;2,62;11;2,40;0;0,00;0;0,00;
521;521 Windausweg;1;1;716;444;62,01;;443;;1;443;1;93;20,99;79;17,83;157;35,44;122;27,54;92;20,77;84;18,96;61;13,77;96;21,67;11;2,48;26;5,87;11;2,48;13;2,93;7;1,58;2;0,45;0;0,00;1;0,23;0;0,00;1;0,23;0;0,00;1;0,23;1;0,23;0;0,00;0;0,00;2;0,45;0;0,00;2;0,45;0;0,00;2;0,45;0;0,00;0;0,00;0;0,00;0;0,00;10;2,26;9;2,03;0;0,00;3;0,68;
151;151 BW-Oststadt (1);1;1;0;760;0,00;;758;;2;757;3;236;31,13;218;28,80;250;32,98;190;25,10;162;21,37;153;20,21;36;4,75;67;8,85;26;3,43;74;9,78;22;2,90;28;3,70;13;1,72;4;0,53;0;0,00;0;0,00;0;0,00;3;0,40;2;0,26;3;0,40;0;0,00;2;0,26;0;0,00;4;0,53;0;0,00;2;0,26;0;0,00;0;0,00;0;0,00;0;0,00;0;0,00;0;0,00;11;1,45;9;1,19;0;0,00;0;0,00;
152;152 BW-Oststadt (2);1;1;0;820;0,00;;816;;4;819;1;241;29,53;215;26,25;261;31,99;188;22,95;168;20,59;166;20,27;62;7,60;98;11,97;34;4,17;87;10,62;25;3,06;30;3,66;10;1,23;5;0,61;0;0,00;0;0,00;0;0,00;3;0,37;3;0,37;3;0,37;0;0,00;0;0,00;0;0,00;1;0,12;0;0,00;8;0,98;0;0,00;0;0,00;0;0,00;1;0,12;0;0,00;0;0,00;12;1,47;12;1,47;0;0,00;2;0,24;
153;153 BW-Oststadt (3);1;1;0;666;0,00;;663;;3;666;0;244;36,80;223;33,48;185;27,90;110;16,52;119;17,95;132;19,82;26;3,92;44;6,61;52;7,84;113;16,97;23;3,47;29;4,35;7;1,06;1;0,15;0;0,00;0;0,00;0;0,00;2;0,30;0;0,00;2;0,30;2;0,30;0;0,00;0;0,00;2;0,30;0;0,00;4;0,60;0;0,00;0;0,00;0;0,00;0;0,00;0;0,00;0;0,00;5;0,75;4;0,60;0;0,00;0;0,00;
154;154 BW-Oststadt (4);1;1;0;868;0,00;;862;;6;866;2;313;36,31;271;31,29;226;26,22;149;17,21;169;19,61;165;19,05;41;4,76;90;10,39;50;5,80;121;13,97;32;3,71;39;4,50;8;0,93;6;0,69;0;0,00;0;0,00;0;0,00;2;0,23;2;0,23;3;0,35;2;0,23;1;0,12;0;0,00;3;0,35;0;0,00;3;0,35;0;0,00;2;0,23;0;0,00;1;0,12;0;0,00;2;0,23;19;2,20;7;0,81;0;0,00;1;0,12;
155;155 BW-Oststadt/Herberhausen;1;1;0;765;0,00;;760;;5;762;3;320;42,11;271;35,56;212;27,89;145;19,03;123;16,18;137;17,98;20;2,63;35;4,59;42;5,53;111;14,57;19;2,50;31;4,07;5;0,66;2;0,26;0;0,00;0;0,00;0;0,00;5;0,66;5;0,66;8;1,05;0;0,00;0;0,00;0;0,00;2;0,26;0;0,00;2;0,26;0;0,00;0;0,00;0;0,00;1;0,13;0;0,00;1;0,13;14;1,84;11;1,44;0;0,00;0;0,00;
156;156 BW-Nikolausberg/Roringen;1;1;0;842;0,00;;836;;6;840;2;356;42,58;301;35,83;243;29,07;196;23,33;100;11,96;98;11,67;25;2,99;51;6,07;56;6,70;128;15,24;32;3,83;43;5,12;5;0,60;2;0,24;0;0,00;0;0,00;0;0,00;2;0,24;6;0,72;4;0,48;1;0,12;0;0,00;0;0,00;2;0,24;0;0,00;4;0,48;0;0,00;0;0,00;0;0,00;0;0,00;0;0,00;0;0,00;12;1,44;8;0,95;0;0,00;1;0,12;
251;251 BW-Südstadt (1);1;1;0;674;0,00;;670;;4;670;4;142;21,19;149;22,24;248;37,01;198;29,55;152;22,69;139;20,75;56;8,36;87;12,99;23;3,43;41;6,12;20;2,99;25;3,73;9;1,34;3;0,45;0;0,00;1;0,15;0;0,00;4;0,60;2;0,30;1;0,15;0;0,00;0;0,00;0;0,00;2;0,30;0;0,00;5;0,75;0;0,00;0;0,00;0;0,00;1;0,15;0;0,00;1;0,15;18;2,69;12;1,79;0;0,00;1;0,15;
252;252 BW-Südstadt (2);1;1;0;652;0,00;;651;;1;651;1;146;22,43;139;21,35;211;32,41;156;23,96;164;25,19;145;22,27;52;7,99;99;15,21;27;4,15;54;8,29;21;3,23;26;3,99;5;0,77;5;0,77;0;0,00;1;0,15;0;0,00;4;0,61;4;0,61;1;0,15;2;0,31;1;0,15;0;0,00;3;0,46;0;0,00;3;0,46;0;0,00;1;0,15;0;0,00;0;0,00;0;0,00;2;0,31;19;2,92;10;1,54;0;0,00;1;0,15;
253;253 BW-Geismar (1);1;1;0;791;0,00;;786;;5;788;3;236;30,03;228;28,93;278;35,37;205;26,02;138;17,56;125;15,86;56;7,12;93;11,80;23;2,93;62;7,87;35;4,45;41;5,20;10;1,27;5;0,63;0;0,00;1;0,13;0;0,00;9;1,14;2;0,25;1;0,13;1;0,13;1;0,13;0;0,00;2;0,25;0;0,00;1;0,13;0;0,00;3;0,38;0;0,00;0;0,00;0;0,00;0;0,00;7;0,89;9;1,14;0;0,00;2;0,25;
254;254 BW-Geismar (2);1;1;0;1022;0,00;;1016;;6;1018;4;314;30,91;283;27,80;348;34,25;256;25,15;146;14,37;152;14,93;59;5,81;89;8,74;73;7,19;133;13,06;51;5,02;70;6,88;8;0,79;0;0,00;0;0,00;0;0,00;0;0,00;8;0,79;4;0,39;3;0,29;1;0,10;0;0,00;0;0,00;5;0,49;0;0,00;4;0,39;0;0,00;1;0,10;0;0,00;1;0,10;0;0,00;0;0,00;12;1,18;8;0,79;0;0,00;5;0,49;
255;255 BW-Geismar (3);1;1;0;580;0,00;;577;;3;578;2;232;40,21;210;36,33;206;35,70;159;27,51;76;13,17;77;13,32;12;2,08;29;5,02;23;3,99;62;10,73;18;3,12;28;4,84;2;0,35;0;0,00;0;0,00;0;0,00;0;0,00;1;0,17;1;0,17;1;0,17;0;0,00;0;0,00;0;0,00;0;0,00;0;0,00;2;0,35;0;0,00;0;0,00;0;0,00;0;0,00;0;0,00;0;0,00;7;1,21;7;1,21;0;0,00;2;0,35;
256;256 BW-Geismar (4);1;1;0;1160;0,00;;1151;;9;1157;3;402;34,93;381;32,93;362;31,45;283;24,46;199;17,29;198;17,11;52;4,52;88;7,61;64;5,56;122;10,54;50;4,34;54;4,67;5;0,43;2;0,17;0;0,00;2;0,17;0;0,00;5;0,43;4;0,35;2;0,17;2;0,17;2;0,17;0;0,00;3;0,26;0;0,00;3;0,26;0;0,00;0;0,00;0;0,00;1;0,09;0;0,00;2;0,17;11;0,96;8;0,69;0;0,00;1;0,09;
361;361 BW-Grone (1);1;1;0;569;0,00;;565;;4;566;3;170;30,09;167;29,51;225;39,82;177;31,27;58;10,27;49;8,66;40;7,08;57;10,07;25;4,42;56;9,89;29;5,13;33;5,83;4;0,71;3;0,53;0;0,00;1;0,18;0;0,00;8;1,41;6;1,06;2;0,35;0;0,00;0;0,00;0;0,00;4;0,71;0;0,00;3;0,53;0;0,00;0;0,00;0;0,00;0;0,00;0;0,00;1;0,18;8;1,42;5;0,88;0;0,00;0;0,00;
362;362 BW-Grone (2);1;1;0;503;0,00;;503;;0;503;0;167;33,20;148;29,42;178;35,39;152;30,22;53;10,54;51;10,14;33;6,56;41;8,15;21;4,17;47;9,34;35;6,96;45;8,95;5;0,99;1;0,20;0;0,00;0;0,00;0;0,00;6;1,19;0;0,00;0;0,00;0;0,00;0;0,00;0;0,00;1;0,20;0;0,00;0;0,00;0;0,00;0;0,00;0;0,00;0;0,00;0;0,00;1;0,20;11;2,19;6;1,19;0;0,00;4;0,80;
363;363 BW-westliche Ortsteile;1;1;0;995;0,00;;988;;7;989;6;398;40,28;355;35,89;335;33,91;271;27,40;96;9,72;94;9,50;39;3,95;64;6,47;51;5,16;114;11,53;48;4,86;57;5,76;4;0,40;1;0,10;0;0,00;3;0,30;0;0,00;8;0,81;9;0,91;9;0,91;0;0,00;0;0,00;0;0,00;4;0,40;0;0,00;0;0,00;0;0,00;0;0,00;0;0,00;3;0,30;0;0,00;1;0,10;8;0,81;5;0,51;0;0,00;0;0,00;
364;364 BW-Weststadt (1);1;1;0;869;0,00;;863;;6;867;2;195;22,60;195;22,49;287;33,26;231;26,64;157;18,19;137;15,80;82;9,50;125;14,42;42;4,87;69;7,96;46;5,33;54;6,23;13;1,51;6;0,69;0;0,00;0;0,00;0;0,00;11;1,27;8;0,93;2;0,23;0;0,00;0;0,00;0;0,00;4;0,46;0;0,00;4;0,46;0;0,00;2;0,23;0;0,00;1;0,12;0;0,00;3;0,35;33;3,82;22;2,54;0;0,00;1;0,12;
451;451 BW-Nordstadt (1);1;1;0;653;0,00;;652;;1;651;2;134;20,55;139;21,35;215;32,98;151;23,20;181;27,76;175;26,88;52;7,98;88;13,52;33;5,06;50;7,68;13;1,99;15;2,30;5;0,77;3;0,46;0;0,00;0;0,00;0;0,00;5;0,77;3;0,46;3;0,46;1;0,15;0;0,00;0;0,00;3;0,46;0;0,00;5;0,77;0;0,00;1;0,15;0;0,00;0;0,00;0;0,00;1;0,15;15;2,30;11;1,69;0;0,00;1;0,15;
452;452 BW-Weende (1);1;1;0;1006;0,00;;1002;;4;1005;1;301;30,04;274;27,26;337;33,63;240;23,88;187;18,66;181;18,01;59;5,89;99;9,85;39;3,89;116;11,54;55;5,49;64;6,37;8;0,80;1;0,10;0;0,00;0;0,00;0;0,00;9;0,90;2;0,20;0;0,00;0;0,00;0;0,00;0;0,00;7;0,70;0;0,00;1;0,10;0;0,00;0;0,00;0;0,00;1;0,10;0;0,00;1;0,10;14;1,40;11;1,09;0;0,00;0;0,00;
453;453 BW-Weende (2);1;1;0;600;0,00;;598;;2;598;2;183;30,60;137;22,91;180;30,10;133;22,24;131;21,91;136;22,74;37;6,19;64;10,70;28;4,68;69;11,54;16;2,68;30;5,02;9;1,51;6;1,00;0;0,00;0;0,00;0;0,00;3;0,50;2;0,33;2;0,33;0;0,00;0;0,00;0;0,00;0;0,00;0;0,00;5;0,84;0;0,00;0;0,00;0;0,00;0;0,00;0;0,00;3;0,50;12;2,01;10;1,67;0;0,00;0;0,00;
454;454 BW-Weende (3);1;1;0;566;0,00;;564;;2;565;1;158;28,01;134;23,72;174;30,85;133;23,54;121;21,45;130;23,01;40;7,09;53;9,38;32;5,67;60;10,62;19;3,37;26;4,60;9;1,60;0;0,00;0;0,00;0;0,00;0;0,00;4;0,71;1;0,18;2;0,35;0;0,00;0;0,00;0;0,00;2;0,35;0;0,00;3;0,53;0;0,00;0;0,00;0;0,00;2;0,35;0;0,00;2;0,35;10;1,77;11;1,95;0;0,00;3;0,53;
455;455 BW-Weende (4);1;1;0;540;0,00;;538;;2;539;1;158;29,37;146;27,09;149;27,70;102;18,92;133;24,72;106;19,67;25;4,65;61;11,32;27;5,02;59;10,95;24;4,46;31;5,75;3;0,56;3;0,56;0;0,00;1;0,19;0;0,00;7;1,30;4;0,74;4;0,74;0;0,00;0;0,00;0;0,00;1;0,19;0;0,00;4;0,74;0;0,00;0;0,00;0;0,00;0;0,00;0;0,00;2;0,37;15;2,79;11;2,04;0;0,00;1;0,19;
461;461 BW-Holtensen/Holtenser Berg;1;1;0;481;0,00;;479;;2;476;5;193;40,29;176;36,97;161;33,61;143;30,04;40;8,35;33;6,93;25;5,22;36;7,56;13;2,71;26;5,46;30;6,26;43;9,03;1;0,21;0;0,00;0;0,00;1;0,21;0;0,00;4;0,84;6;1,25;6;1,26;3;0,63;0;0,00;0;0,00;2;0,42;0;0,00;0;0,00;0;0,00;0;0,00;0;0,00;0;0,00;0;0,00;2;0,42;7;1,46;4;0,84;0;0,00;0;0,00;
551;551 BW-Innenstadt (1);1;1;0;990;0,00;;982;;8;986;4;218;22,20;196;19,88;315;32,08;232;23,53;257;26,17;244;24,75;101;10,29;158;16,02;36;3,67;80;8,11;16;1,63;25;2,54;13;1,32;10;1,01;0;0,00;0;0,00;0;0,00;7;0,71;5;0,51;7;0,71;1;0,10;1;0,10;0;0,00;3;0,30;0;0,00;4;0,41;0;0,00;0;0,00;0;0,00;1;0,10;0;0,00;1;0,10;20;2,04;15;1,52;0;0,00;2;0,20;
552;552 BW-Innenstadt (2);1;1;0;885;0,00;;881;;4;881;4;210;23,84;197;22,36;291;33,03;209;23,72;203;23,04;180;20,43;69;7,83;117;13,28;42;4,77;87;9,88;41;4,65;49;5,56;7;0,79;7;0,79;0;0,00;1;0,11;0;0,00;6;0,68;2;0,23;2;0,23;2;0,23;1;0,11;0;0,00;2;0,23;0;0,00;7;0,79;0;0,00;1;0,11;0;0,00;2;0,23;0;0,00;0;0,00;14;1,59;12;1,36;0;0,00;1;0,11;
553;553 BW-Innenstadt (3);1;1;0;905;0,00;;902;;3;904;1;187;20,73;174;19,25;239;26,50;160;17,70;261;28,94;235;26,00;91;10,09;152;16,81;56;6,21;88;9,73;15;1,66;25;2,77;12;1,33;4;0,44;0;0,00;0;0,00;0;0,00;6;0,66;2;0,22;2;0,22;4;0,44;0;0,00;0;0,00;11;1,22;0;0,00;10;1,11;0;0,00;0;0,00;0;0,00;0;0,00;0;0,00;5;0,55;35;3,88;29;3,21;0;0,00;3;0,33;
554;554 BW-Innenstadt (4);1;1;0;850;0,00;;849;;1;850;0;175;20,61;171;20,12;236;27,80;160;18,82;238;28,03;208;24,47;88;10,37;145;17,06;50;5,89;96;11,29;16;1,88;18;2,12;16;1,88;2;0,24;0;0,00;0;0,00;0;0,00;8;0,94;5;0,59;4;0,47;3;0,35;0;0,00;0;0,00;7;0,82;0;0,00;4;0,47;0;0,00;1;0,12;0;0,00;1;0,12;0;0,00;2;0,24;22;2,59;21;2,47;0;0,00;2;0,24;
555;555 BW-Innenstadt (5);1;1;0;670;0,00;;670;;0;670;0;193;28,81;167;24,93;188;28,06;108;16,12;163;24,33;173;25,82;37;5,52;73;10,90;43;6,42;104;15,52;11;1,64;15;2,24;10;1,49;1;0,15;0;0,00;0;0,00;0;0,00;4;0,60;4;0,60;3;0,45;0;0,00;0;0,00;0;0,00;0;0,00;0;0,00;1;0,15;0;0,00;2;0,30;0;0,00;1;0,15;0;0,00;2;0,30;21;3,13;16;2,39;0;0,00;0;0,00;
556;556 BW-Innenstadt (6);1;1;0;595;0,00;;593;;2;593;2;125;21,08;131;22,09;175;29,51;121;20,40;164;27,66;136;22,93;49;8,26;84;14,17;36;6,07;62;10,46;12;2,02;15;2,53;5;0,84;3;0,51;0;0,00;1;0,17;0;0,00;5;0,84;4;0,67;3;0,51;0;0,00;0;0,00;0;0,00;1;0,17;0;0,00;5;0,84;0;0,00;0;0,00;0;0,00;0;0,00;0;0,00;5;0,84;23;3,88;19;3,20;0;0,00;2;0,34;
561;561 BW-Bahnhof-West;1;1;0;166;0,00;;162;;4;164;2;32;19,75;32;19,51;51;31,48;43;26,22;34;20,99;31;18,90;14;8,64;22;13,41;14;8,64;16;9,76;3;1,85;5;3,05;2;1,23;0;0,00;0;0,00;0;0,00;0;0,00;3;1,83;1;0,62;1;0,61;0;0,00;1;0,61;0;0,00;3;1,83;0;0,00;0;0,00;0;0,00;1;0,61;0;0,00;0;0,00;0;0,00;0;0,00;11;6,79;6;3,66;0;0,00;0;0,00;
