datum;wahl;ags;gebiet-nr;gebiet-name;max-schnellmeldungen;anz-schnellmeldungen;A1;A2;A3;A;B;B1;C;D;E;F;D1;F1;D2;F2;D3;F3;D4;F4;D5;F5;D6;F6;D7;F7;D8;F8;D9;F9;D10;F10;D11;F11;D12;F12;D13;F13;D14;F14;D15;F15;D16;F16;D17;F17;D18;F18;D19;F19;D20;F20;D21;F21
26.09.2021;Wahl zum Deutschen Bundestag;03159016;101;101 Lohberg (1);1;1;488;307;0;795;358;3;1;357;0;358;59;45;84;88;27;29;0;15;140;123;29;34;0;2;0;4;0;2;0;3;0;0;0;0;0;0;0;0;1;0;16;10;0;0;1;0;0;0;0;0;0;3
26.09.2021;Wahl zum Deutschen Bundestag;03159016;102;102 Lohberg (2);1;1;558;265;0;823;345;2;8;337;6;339;60;40;102;112;20;23;0;17;110;94;32;25;0;7;0;4;0;2;0;2;0;0;0;0;0;1;2;1;1;0;10;7;0;0;0;0;0;0;0;3;0;1
26.09.2021;Wahl zum Deutschen Bundestag;03159016;103;103 Breslauer Straße (1);1;1;581;338;0;919;410;4;6;404;3;407;47;34;100;122;21;22;0;17;190;146;33;46;0;5;0;1;0;3;0;0;0;0;0;0;0;0;1;0;1;0;10;4;0;0;1;0;0;3;0;0;0;4
26.09.2021;Wahl zum Deutschen Bundestag;03159016;104;104 Breslauer Straße (2);1;1;573;145;0;718;326;0;3;323;6;320;55;41;113;112;29;26;0;19;100;87;17;16;0;9;0;2;0;1;0;2;0;0;0;0;0;0;0;1;1;1;5;2;0;0;3;0;0;0;0;0;0;1
26.09.2021;Wahl zum Deutschen Bundestag;03159016;105;105 Beethovenstraße (1);1;1;653;476;0;1129;431;1;6;425;4;427;62;47;73;82;35;33;0;7;207;178;35;43;0;9;0;3;0;4;0;2;0;0;0;0;0;2;2;2;2;0;8;10;0;0;1;0;0;1;0;1;0;3
26.09.2021;Wahl zum Deutschen Bundestag;03159016;106;106 Beethovenstraße (2);1;1;583;383;0;966;457;5;5;452;1;456;106;88;96;119;42;42;0;17;165;145;24;24;0;4;0;1;0;1;0;2;0;1;0;0;0;0;2;0;0;0;15;9;0;0;2;0;0;0;0;3;0;0
26.09.2021;Wahl zum Deutschen Bundestag;03159016;107;107 Schillerwiese (1);1;1;554;396;0;950;434;2;8;426;8;426;94;76;86;102;30;40;0;12;180;153;26;22;0;7;0;1;0;0;0;2;0;0;0;0;0;2;1;1;1;0;7;7;0;0;1;0;0;0;0;0;0;1
26.09.2021;Wahl zum Deutschen Bundestag;03159016;108;108 Schillerwiese (2);1;1;382;300;0;682;313;2;5;308;1;312;82;66;64;68;30;31;0;16;111;100;9;14;0;3;0;3;0;1;0;1;0;0;0;0;0;1;0;0;1;0;11;6;0;0;0;0;0;1;0;1;0;0
26.09.2021;Wahl zum Deutschen Bundestag;03159016;109;109 Rohnsweg;1;1;448;415;0;863;375;0;4;371;1;374;93;70;73;73;36;56;0;14;137;131;21;17;0;4;0;0;0;1;0;2;0;0;0;0;0;0;0;0;0;0;8;5;0;0;3;0;0;1;0;0;0;0
26.09.2021;Wahl zum Deutschen Bundestag;03159016;110;110 Hermann-Föge-Weg;1;1;390;217;0;607;318;0;4;314;2;316;67;61;52;67;22;27;0;8;142;117;24;30;0;1;0;0;0;0;0;0;0;1;0;0;0;0;1;0;0;0;5;1;0;0;1;0;0;2;0;0;0;1
26.09.2021;Wahl zum Deutschen Bundestag;03159016;111;111 Grotefendstraße (1);1;1;367;206;0;573;309;0;0;309;1;308;76;63;61;76;25;31;0;6;126;108;14;16;0;0;0;2;0;0;0;0;0;0;0;0;0;0;0;0;1;1;6;5;0;0;0;0;0;0;0;0;0;0
26.09.2021;Wahl zum Deutschen Bundestag;03159016;112;112 Nonnenstieg (1);1;1;503;293;0;796;421;6;3;418;2;419;81;62;98;98;40;46;0;8;150;125;41;66;0;4;0;0;0;0;0;1;0;0;0;0;0;0;0;0;2;1;5;4;0;0;1;0;0;0;0;3;0;1
26.09.2021;Wahl zum Deutschen Bundestag;03159016;113;113 Nonnenstieg (2);1;1;518;345;0;863;332;1;3;329;1;331;75;44;71;85;25;34;0;16;131;110;16;21;0;4;0;3;0;1;0;1;0;1;0;0;0;1;0;0;1;0;8;5;0;0;2;0;0;1;0;1;0;3
26.09.2021;Wahl zum Deutschen Bundestag;03159016;114;114 Nikolausberg (1);1;1;448;229;0;677;339;0;4;335;3;336;109;67;87;112;30;41;0;15;88;71;16;17;0;6;0;3;0;0;0;0;0;0;0;0;0;1;0;0;1;0;4;2;0;0;0;0;0;0;0;0;0;1
26.09.2021;Wahl zum Deutschen Bundestag;03159016;115;115 Nikolausberg (2);1;1;403;339;0;742;342;2;2;340;2;340;105;65;79;94;32;48;0;16;104;94;9;8;0;3;0;3;0;3;0;0;0;0;0;0;0;0;0;0;0;0;11;6;0;0;0;0;0;0;0;0;0;0
26.09.2021;Wahl zum Deutschen Bundestag;03159016;116;116 Roringen;1;1;490;236;0;726;369;0;9;360;2;367;112;81;124;137;26;37;0;15;76;65;16;14;0;3;0;3;0;0;0;3;0;1;0;2;0;0;0;0;0;0;6;3;0;0;0;0;0;1;0;0;0;2
26.09.2021;Wahl zum Deutschen Bundestag;03159016;117;117 Herberhausen (1);1;1;444;258;0;702;336;0;1;335;0;336;84;64;88;96;35;37;0;7;113;107;12;12;0;3;0;3;0;2;0;2;0;0;0;0;0;0;1;0;0;0;1;0;0;0;1;0;0;0;0;1;0;2
26.09.2021;Wahl zum Deutschen Bundestag;03159016;118;118 Herberhausen (2);1;1;380;173;0;553;303;0;1;302;0;303;92;74;103;104;27;39;0;10;55;50;17;16;0;4;0;1;0;1;0;0;0;0;0;0;0;0;0;0;1;0;5;1;0;0;2;0;0;2;0;0;0;1
26.09.2021;Wahl zum Deutschen Bundestag;03159016;119;119 Nikolausberg (3);1;1;719;315;0;1034;536;3;5;531;2;534;119;80;152;164;43;54;0;22;174;150;30;44;0;4;0;2;0;2;0;2;0;0;0;0;0;0;0;0;0;0;11;8;0;0;2;0;0;0;0;1;0;1
26.09.2021;Wahl zum Deutschen Bundestag;03159016;120;120 Grotefendstraße (2);1;1;273;232;0;505;233;1;3;230;0;233;97;77;38;45;18;27;0;5;67;63;7;11;0;0;0;1;0;0;0;0;0;0;0;0;0;0;0;0;0;0;3;2;0;0;0;0;0;1;0;0;0;1
26.09.2021;Wahl zum Deutschen Bundestag;03159016;201;201 Stegemühlenweg (1);1;1;529;315;0;844;419;1;3;416;2;417;46;38;70;89;17;18;0;11;205;166;56;75;0;4;0;1;0;0;0;2;0;0;0;0;0;0;2;0;1;0;18;11;0;0;1;0;0;0;0;1;0;1
26.09.2021;Wahl zum Deutschen Bundestag;03159016;202;202 Stegemühlenweg (2);1;1;566;217;0;783;359;0;4;355;1;358;48;38;137;142;25;23;0;14;95;87;39;31;0;3;0;4;0;2;0;5;0;0;0;0;0;0;0;0;2;1;8;6;0;0;1;0;0;0;0;0;0;2
26.09.2021;Wahl zum Deutschen Bundestag;03159016;203;203 Stegemühlenweg (3);1;1;527;300;0;827;350;5;3;347;5;345;37;22;81;90;14;23;0;4;168;139;38;42;0;2;0;5;0;0;0;2;0;0;0;1;0;0;1;0;0;1;8;9;0;0;0;0;0;1;0;2;0;2
26.09.2021;Wahl zum Deutschen Bundestag;03159016;204;204 Danziger Straße (1);1;1;585;309;0;894;445;1;4;441;2;443;48;41;97;108;36;29;0;15;203;160;44;64;0;7;0;4;0;1;0;2;0;0;0;0;0;1;2;0;2;1;6;3;0;0;3;0;0;1;0;4;0;2
26.09.2021;Wahl zum Deutschen Bundestag;03159016;205;205 Danziger Straße (2);1;1;554;252;0;806;381;1;4;377;7;374;42;35;93;95;24;17;0;15;161;140;46;47;0;6;0;4;0;2;0;3;0;1;0;0;0;1;2;1;0;0;6;3;0;0;3;0;0;0;0;0;0;4
26.09.2021;Wahl zum Deutschen Bundestag;03159016;206;206 Danziger Straße (3);1;1;508;254;0;762;342;0;3;339;3;339;73;65;86;110;17;17;0;11;125;95;26;31;0;3;0;0;0;0;0;2;0;0;0;3;0;0;1;0;2;0;8;2;0;0;1;0;0;0;0;0;0;0
26.09.2021;Wahl zum Deutschen Bundestag;03159016;207;207 Stadtstieg (1);1;1;542;236;0;778;371;4;10;361;7;364;90;72;129;135;17;23;0;15;90;78;25;24;0;7;0;2;0;3;0;1;0;0;0;1;0;0;0;0;0;0;9;3;0;0;1;0;0;0;0;0;0;0
26.09.2021;Wahl zum Deutschen Bundestag;03159016;208;208 Stadtstieg (2);1;1;671;402;0;1073;423;2;13;410;8;415;59;55;142;147;36;27;0;21;124;93;37;42;0;7;0;8;0;0;0;3;0;0;0;0;0;0;0;0;0;0;7;4;0;1;5;1;0;0;0;3;0;3
26.09.2021;Wahl zum Deutschen Bundestag;03159016;209;209 Sandersbeek (1);1;1;555;315;0;870;390;9;4;386;1;389;67;48;99;119;11;14;0;18;173;154;24;22;0;4;0;2;0;1;0;0;0;0;0;1;0;1;1;0;0;0;10;4;0;0;1;0;0;0;0;1;0;0
26.09.2021;Wahl zum Deutschen Bundestag;03159016;210;210 Sandersbeek (2);1;1;603;306;0;909;424;1;4;420;3;421;80;61;118;138;33;27;0;31;141;110;33;29;0;6;0;3;0;3;0;4;0;0;0;0;0;0;1;0;0;0;12;4;0;0;2;0;0;0;0;2;0;3
26.09.2021;Wahl zum Deutschen Bundestag;03159016;211;211 Tegeler Weg (1);1;1;610;188;0;798;328;1;12;316;5;323;62;43;148;142;34;21;0;39;41;41;20;16;0;6;0;1;0;2;0;0;0;1;0;0;0;0;0;0;0;0;11;9;0;0;0;0;0;0;0;1;0;1
26.09.2021;Wahl zum Deutschen Bundestag;03159016;212;212 Tegeler Weg (2);1;1;329;320;0;649;149;1;3;146;3;146;52;51;47;46;16;16;0;2;27;28;2;2;0;0;0;0;0;0;0;0;0;0;0;0;0;0;0;0;0;0;2;1;0;0;0;0;0;0;0;0;0;0
26.09.2021;Wahl zum Deutschen Bundestag;03159016;213;213 Gehrenring;1;1;433;290;0;723;322;1;3;319;3;319;80;68;83;94;24;27;0;9;105;85;20;25;0;1;0;2;0;1;0;0;0;1;0;0;0;0;2;0;0;0;5;4;0;0;0;0;0;1;0;0;0;1
26.09.2021;Wahl zum Deutschen Bundestag;03159016;214;214 Trift (1);1;1;612;319;0;931;447;2;5;442;4;443;107;84;124;143;33;32;0;24;131;105;30;27;0;4;0;4;0;3;0;1;0;0;0;0;0;0;2;0;1;0;13;11;0;1;1;0;0;1;0;2;0;1
26.09.2021;Wahl zum Deutschen Bundestag;03159016;215;215 Trift (2);1;1;555;312;0;867;373;7;6;367;2;371;70;62;104;113;36;37;0;19;121;93;26;22;0;3;0;5;0;4;0;2;0;0;0;0;0;1;0;0;0;0;9;5;0;0;1;1;0;1;0;2;0;1
26.09.2021;Wahl zum Deutschen Bundestag;03159016;216;216 Alt-Geismar (1);1;1;586;333;0;919;433;2;5;428;4;429;89;71;116;123;30;28;0;26;141;116;38;38;0;8;0;5;0;2;0;4;0;0;0;0;0;1;0;0;1;1;11;4;0;1;2;0;0;0;0;0;0;1
26.09.2021;Wahl zum Deutschen Bundestag;03159016;217;217 Alt-Geismar (2);1;1;542;327;0;869;379;0;0;379;1;378;74;64;98;112;30;27;0;11;140;118;27;21;0;9;0;3;0;1;0;2;0;0;0;0;0;0;2;0;0;0;8;6;0;0;0;0;0;1;0;2;0;1
26.09.2021;Wahl zum Deutschen Bundestag;03159016;218;218 Treuenhagen (1);1;1;390;231;0;621;288;0;1;287;0;288;71;53;71;76;16;17;0;19;101;95;24;23;0;1;0;0;0;1;0;0;0;0;0;1;0;0;0;0;0;0;3;2;0;0;1;0;0;0;0;0;0;0
26.09.2021;Wahl zum Deutschen Bundestag;03159016;219;219 Treuenhagen (2);1;1;444;185;0;629;351;3;0;351;5;346;77;59;87;102;31;37;0;9;125;94;24;32;0;6;0;3;0;0;0;1;0;0;0;0;0;0;0;0;1;0;3;3;0;0;3;0;0;0;0;0;0;0
26.09.2021;Wahl zum Deutschen Bundestag;03159016;220;220 Kiessee-Karree (1);1;1;389;218;0;607;263;3;5;258;3;260;58;49;70;74;27;22;0;15;87;78;9;10;0;1;0;2;0;1;0;1;0;0;0;0;0;0;0;0;0;0;5;0;0;0;2;0;0;0;0;4;0;3
26.09.2021;Wahl zum Deutschen Bundestag;03159016;221;221 Zietenterrassen (1);1;1;820;375;0;1195;519;5;5;514;0;519;86;60;137;141;55;57;0;35;172;147;42;34;0;9;0;10;0;1;0;1;0;0;0;0;0;0;0;0;1;1;19;9;0;0;2;0;0;1;0;9;0;4
26.09.2021;Wahl zum Deutschen Bundestag;03159016;222;222 Kiessee-Karree (2);1;1;440;290;0;730;385;3;3;382;5;380;72;52;97;106;25;34;0;12;170;159;10;10;0;0;0;0;0;1;0;0;0;0;0;0;0;1;0;0;0;0;7;5;0;0;1;0;0;0;0;0;0;0
26.09.2021;Wahl zum Deutschen Bundestag;03159016;223;223 Zietenterrassen (2);1;1;412;262;0;674;338;2;1;337;0;338;98;77;69;77;46;40;0;19;107;101;7;10;0;5;0;0;0;5;0;0;0;0;0;0;0;0;0;0;2;0;8;2;0;0;0;0;0;0;0;1;0;1
26.09.2021;Wahl zum Deutschen Bundestag;03159016;301;301 Hagenberg (1);1;1;553;168;0;721;327;0;4;323;1;326;65;46;131;104;33;28;0;23;68;87;22;21;0;1;0;4;0;0;0;5;0;1;0;1;0;0;1;0;0;0;3;3;0;0;0;0;0;0;0;1;0;1
26.09.2021;Wahl zum Deutschen Bundestag;03159016;302;302 Hagenberg (2);1;1;635;170;0;805;341;1;4;337;0;341;63;46;121;128;23;28;0;24;79;60;35;31;0;9;0;4;0;2;0;1;0;0;0;0;0;0;1;1;3;1;11;4;0;1;1;0;0;0;0;0;0;1
26.09.2021;Wahl zum Deutschen Bundestag;03159016;303;303 Robert-Bosch-Breite;1;1;528;108;0;636;260;0;3;257;4;256;69;59;100;81;22;21;0;26;48;38;12;19;0;1;0;2;0;0;0;2;0;1;0;0;0;0;0;0;0;0;6;2;0;0;0;0;0;0;0;3;0;1
26.09.2021;Wahl zum Deutschen Bundestag;03159016;304;304 Pfalz-Grona-Breite (1);1;1;533;148;0;681;314;2;1;313;3;311;52;37;116;109;18;25;0;14;81;64;31;41;0;5;0;1;0;3;0;4;0;0;0;1;0;0;2;0;0;0;10;3;0;0;3;0;0;2;0;1;0;1
26.09.2021;Wahl zum Deutschen Bundestag;03159016;305;305 Pfalz-Grona-Breite (2);1;1;468;193;0;661;250;0;6;244;4;246;49;38;88;76;16;21;0;14;68;63;17;22;0;6;0;2;0;2;0;0;0;0;0;0;0;0;0;0;1;0;5;1;0;0;0;0;0;0;0;1;0;0
26.09.2021;Wahl zum Deutschen Bundestag;03159016;306;306 Egelsberg (1);1;1;483;195;0;678;342;3;4;338;6;336;60;45;105;97;21;26;0;16;112;92;24;38;0;5;0;3;0;0;0;4;0;0;0;1;0;0;1;0;0;0;13;7;0;1;2;0;0;0;0;1;0;0
26.09.2021;Wahl zum Deutschen Bundestag;03159016;307;307 Egelsberg (2);1;1;516;143;0;659;296;0;4;292;1;295;53;47;99;107;19;12;0;14;81;67;26;27;0;5;0;4;0;2;0;4;0;0;0;0;0;0;0;0;1;0;13;3;0;0;0;0;0;0;0;2;0;1
26.09.2021;Wahl zum Deutschen Bundestag;03159016;308;308 Saline (1);1;1;677;219;0;896;372;1;15;357;11;361;90;79;120;122;20;26;0;21;82;60;25;19;0;7;0;5;0;1;0;1;0;0;0;0;0;0;2;2;2;0;16;9;0;0;0;0;0;0;0;2;0;7
26.09.2021;Wahl zum Deutschen Bundestag;03159016;309;309 Saline (2);1;1;586;170;0;756;333;0;9;324;6;327;65;43;139;121;26;36;0;38;66;51;18;17;0;4;0;8;0;1;0;1;0;2;0;0;0;0;0;0;3;2;6;2;0;0;1;0;0;0;0;0;0;1
26.09.2021;Wahl zum Deutschen Bundestag;03159016;310;310 Springmühle (1);1;1;735;181;0;916;337;0;7;330;11;326;62;42;156;130;33;25;0;38;42;40;16;24;0;8;0;4;0;0;0;2;0;1;0;0;0;0;1;0;1;0;16;7;0;0;3;1;0;0;0;2;0;2
26.09.2021;Wahl zum Deutschen Bundestag;03159016;311;311 Alt-Grone (1);1;1;559;170;0;729;323;1;4;319;4;319;66;52;107;92;49;50;0;21;71;62;20;21;0;7;0;4;0;2;0;2;0;1;0;0;0;0;0;0;0;0;4;3;0;0;2;0;0;0;0;1;0;1
26.09.2021;Wahl zum Deutschen Bundestag;03159016;312;312 Grone-Süd (1);1;1;607;127;0;734;340;3;10;330;6;334;57;50;116;111;34;31;0;28;85;72;29;26;0;5;0;1;0;0;0;2;0;0;0;0;0;0;0;0;1;0;6;3;0;0;2;0;0;0;0;5;0;0
26.09.2021;Wahl zum Deutschen Bundestag;03159016;313;313 Grone-Süd (2);1;1;458;84;0;542;199;0;6;193;5;194;42;33;74;64;21;19;0;21;38;33;11;14;0;3;0;1;0;0;0;1;0;1;0;0;0;0;2;1;1;0;3;2;0;0;1;0;0;0;0;1;0;0
26.09.2021;Wahl zum Deutschen Bundestag;03159016;314;314 Grone-Süd (3);1;1;483;94;0;577;246;1;6;240;4;242;51;43;102;92;22;17;0;22;37;37;20;16;0;3;0;2;0;4;0;0;0;1;0;0;0;0;0;0;2;2;5;1;0;0;1;0;0;1;0;1;0;0
26.09.2021;Wahl zum Deutschen Bundestag;03159016;315;315 Alt-Grone (2);1;1;528;70;0;598;246;2;17;229;9;237;55;41;101;79;14;10;0;37;29;25;19;14;0;1;0;6;0;0;0;2;0;0;0;0;0;1;1;0;0;0;9;3;0;0;1;1;0;2;0;14;0;1
26.09.2021;Wahl zum Deutschen Bundestag;03159016;316;316 Springmühle (2);1;1;417;116;0;533;262;2;4;258;2;260;54;45;104;95;20;26;0;22;57;40;13;16;0;6;0;0;0;1;0;1;0;1;0;0;0;0;1;0;0;0;7;2;0;0;2;0;0;1;0;4;0;0
26.09.2021;Wahl zum Deutschen Bundestag;03159016;317;317 Grone-Süd (4);1;1;608;187;0;795;402;0;6;396;2;400;108;85;149;150;39;32;0;37;67;50;22;21;0;2;0;4;0;3;0;1;0;1;0;0;0;2;2;1;0;0;6;2;0;0;3;1;0;0;0;6;0;2
26.09.2021;Wahl zum Deutschen Bundestag;03159016;318;318 Groß Ellershausen;1;1;664;340;0;1004;491;0;6;485;7;484;173;131;141;151;42;37;0;37;93;78;19;19;0;6;0;6;0;7;0;1;0;0;0;0;0;0;1;0;1;0;13;8;0;0;2;0;0;0;0;2;0;1
26.09.2021;Wahl zum Deutschen Bundestag;03159016;319;319 Hetjershausen;1;1;589;329;0;918;478;0;5;473;6;472;154;125;146;139;48;46;0;40;79;73;29;26;0;7;0;5;0;0;0;0;0;0;0;0;0;1;0;0;1;0;14;6;0;1;2;0;0;0;0;2;0;1
26.09.2021;Wahl zum Deutschen Bundestag;03159016;320;320 Knutbühren;1;1;93;17;0;110;76;0;0;76;0;76;24;22;18;23;4;2;0;4;18;14;8;9;0;1;0;0;0;0;0;0;0;0;0;0;0;0;0;0;0;0;4;1;0;0;0;0;0;0;0;0;0;0
26.09.2021;Wahl zum Deutschen Bundestag;03159016;321;321 Esebeck;1;1;322;149;0;471;245;0;5;240;2;243;83;59;76;88;30;31;0;21;24;25;18;6;0;1;0;4;0;0;0;1;0;1;0;0;0;2;1;0;1;0;6;1;0;0;1;0;0;0;0;3;0;0
26.09.2021;Wahl zum Deutschen Bundestag;03159016;322;322 Elliehausen (1);1;1;790;492;0;1282;516;4;4;512;8;508;161;133;155;165;60;65;0;38;102;71;18;14;0;6;0;2;0;0;0;3;0;0;0;0;0;0;0;0;1;0;13;8;0;0;2;0;0;0;0;2;0;1
26.09.2021;Wahl zum Deutschen Bundestag;03159016;323;323 Elliehausen (2);1;1;542;277;0;819;304;1;6;298;3;301;88;75;106;107;33;31;0;18;48;46;9;8;0;3;0;3;0;1;0;3;0;0;0;0;0;0;0;0;1;1;12;5;0;0;1;0;0;0;0;0;0;0
26.09.2021;Wahl zum Deutschen Bundestag;03159016;401;401 Albrecht-Thaer-Weg;1;1;405;254;0;659;250;0;0;250;0;250;21;11;48;44;20;19;0;6;124;118;29;34;0;4;0;1;0;1;0;0;0;0;0;0;0;3;3;2;1;0;4;1;0;0;0;0;0;0;0;2;0;4
26.09.2021;Wahl zum Deutschen Bundestag;03159016;403;403 Sültebecksbreite (1);1;1;464;196;0;660;311;1;3;308;6;305;27;26;104;83;20;20;0;13;114;103;33;36;0;7;0;1;0;2;0;1;0;0;0;1;0;1;0;1;4;3;5;3;0;0;1;1;0;0;0;3;0;0
26.09.2021;Wahl zum Deutschen Bundestag;03159016;404;404 Weende-Nord (3);1;1;345;203;0;548;253;1;5;248;4;249;55;32;61;63;29;38;0;9;84;73;9;16;0;4;0;2;0;1;0;0;0;0;0;0;0;0;0;0;2;1;6;5;0;1;2;0;0;1;0;1;0;2
26.09.2021;Wahl zum Deutschen Bundestag;03159016;405;405 Ernst-Fahlbusch-Straße (4);1;1;560;162;0;722;346;1;1;345;2;344;63;36;90;104;31;31;0;17;121;99;30;24;0;13;0;3;0;0;0;3;0;0;0;0;0;3;0;1;0;0;8;5;0;0;2;0;0;1;0;4;0;0
26.09.2021;Wahl zum Deutschen Bundestag;03159016;406;406 Universität-Nord (1);1;1;393;280;0;673;239;2;0;239;0;239;32;26;37;40;18;20;0;7;127;113;21;25;0;4;0;0;0;0;0;0;0;0;0;0;0;0;0;0;0;0;3;0;0;0;1;0;0;1;0;2;0;1
26.09.2021;Wahl zum Deutschen Bundestag;03159016;407;407 Industriegebiet Weende;1;1;406;193;0;599;271;0;4;267;2;269;34;26;62;52;34;27;0;15;112;102;21;21;0;1;0;6;0;3;0;2;0;0;0;2;0;1;0;0;0;0;2;2;0;0;2;0;0;3;0;2;0;4
26.09.2021;Wahl zum Deutschen Bundestag;03159016;408;408 Theodor-Heuss-Straße;1;1;468;216;0;684;242;4;7;235;1;241;22;18;65;58;26;24;0;11;94;88;24;25;0;3;0;4;0;2;0;3;0;0;0;0;0;0;0;0;0;0;3;1;0;0;1;0;0;1;0;2;0;1
26.09.2021;Wahl zum Deutschen Bundestag;03159016;409;409 Alt-Weende (1);1;1;543;289;0;832;358;2;0;358;3;355;48;35;100;83;34;32;0;20;132;123;32;41;0;5;0;2;0;0;0;2;0;0;0;0;0;1;0;0;3;2;7;5;0;0;2;0;0;2;0;1;0;1
26.09.2021;Wahl zum Deutschen Bundestag;03159016;410;410 Alt-Weende (2);1;1;508;239;0;747;335;0;5;330;0;335;51;43;72;81;20;18;0;20;143;119;29;32;0;3;0;4;0;3;0;1;0;1;0;0;0;0;1;1;0;0;10;3;0;0;4;0;0;2;0;2;0;2
26.09.2021;Wahl zum Deutschen Bundestag;03159016;411;411 Ernst-Fahlbusch-Straße (1);1;1;354;205;0;559;261;1;4;257;1;260;50;40;77;66;18;22;0;15;84;87;19;14;0;4;0;5;0;1;0;1;0;0;0;0;0;1;0;0;1;0;7;0;0;0;1;0;0;0;0;3;0;1
26.09.2021;Wahl zum Deutschen Bundestag;03159016;412;412 Weende-Nord (1);1;1;393;186;0;579;301;0;4;297;3;298;65;50;86;107;22;26;0;10;95;74;17;15;0;2;0;2;0;1;0;2;0;0;0;0;0;0;0;0;2;2;8;5;0;0;2;0;0;0;0;2;0;0
26.09.2021;Wahl zum Deutschen Bundestag;03159016;413;413 Ernst-Fahlbusch-Straße (2);1;1;505;94;0;599;247;0;3;244;5;242;60;46;89;84;12;14;0;31;56;40;12;16;0;0;0;2;0;1;0;0;0;0;0;0;0;0;1;0;2;1;11;4;0;0;1;0;0;0;0;1;0;2
26.09.2021;Wahl zum Deutschen Bundestag;03159016;414;414 Holtenser Berg (1);1;1;644;119;0;763;327;1;9;318;9;318;98;75;112;102;46;27;0;57;28;28;15;12;0;6;0;2;0;0;0;0;0;1;0;0;0;0;0;0;2;1;15;4;0;1;2;0;0;0;0;1;0;1
26.09.2021;Wahl zum Deutschen Bundestag;03159016;415;415 Holtenser Berg (2);1;1;905;107;0;1012;454;0;31;423;21;433;100;87;171;151;37;37;0;59;59;45;37;30;0;2;0;9;0;4;0;1;0;0;0;1;0;0;1;0;2;0;13;4;0;2;3;0;0;0;0;0;0;1
26.09.2021;Wahl zum Deutschen Bundestag;03159016;416;416 Holtenser Berg (3);1;1;692;82;0;774;336;228;4;332;8;328;70;57;161;139;37;25;0;49;38;34;22;17;0;3;0;2;0;0;0;0;0;0;0;0;0;0;1;0;0;0;3;0;0;0;0;0;0;0;0;1;0;1
26.09.2021;Wahl zum Deutschen Bundestag;03159016;417;417 Holtensen (1);1;1;538;144;0;682;361;0;5;356;4;357;93;67;131;135;33;33;0;34;71;59;16;17;0;1;0;3;0;3;0;0;0;0;0;0;0;0;1;0;0;0;11;4;0;0;0;0;0;0;0;1;0;0
26.09.2021;Wahl zum Deutschen Bundestag;03159016;418;418 Holtensen (2);1;1;500;167;0;667;377;167;7;370;2;375;124;101;135;128;37;35;0;40;48;39;15;14;0;6;0;5;0;1;0;1;0;0;0;1;0;0;1;0;1;0;8;2;0;0;1;0;0;0;0;2;0;0
26.09.2021;Wahl zum Deutschen Bundestag;03159016;419;419 Universität-Nord (2);1;1;616;326;0;942;370;4;1;369;2;368;37;29;102;98;43;48;0;19;147;110;30;36;0;4;0;6;0;0;0;2;0;0;0;1;0;0;1;0;0;0;7;3;0;0;2;0;0;2;0;6;0;4
26.09.2021;Wahl zum Deutschen Bundestag;03159016;420;420 Universität-Nord (3);1;1;524;261;0;785;380;0;2;378;2;378;51;34;93;93;41;44;0;11;150;122;28;44;0;9;0;0;0;7;0;1;0;0;0;0;0;0;1;0;0;0;12;6;0;0;2;0;0;2;0;1;0;4
26.09.2021;Wahl zum Deutschen Bundestag;03159016;421;421 Weende-Nord (2);1;1;589;381;0;970;445;1;8;437;7;438;120;83;135;161;27;37;0;17;132;106;13;19;0;2;0;2;0;2;0;2;0;0;0;0;0;0;0;0;0;0;9;3;0;1;1;1;0;0;0;1;0;1
26.09.2021;Wahl zum Deutschen Bundestag;03159016;422;422 Plesseweg;1;1;373;300;0;673;299;3;4;295;2;297;44;29;48;50;18;20;0;9;162;132;20;43;0;4;0;3;0;0;0;2;0;0;0;0;0;0;0;0;1;1;2;1;0;0;0;0;0;2;0;0;0;1
26.09.2021;Wahl zum Deutschen Bundestag;03159016;423;423 Stumpfe Eiche;1;1;366;224;0;590;303;1;6;297;2;301;52;38;83;95;28;26;0;20;109;93;9;12;0;2;0;2;0;0;0;0;0;0;0;1;0;2;0;0;0;0;13;5;0;0;3;1;0;2;0;0;0;2
26.09.2021;Wahl zum Deutschen Bundestag;03159016;424;424 Alt-Weende (3);1;1;490;248;0;738;336;4;4;332;4;332;50;37;73;65;35;37;0;28;133;108;32;37;0;6;0;3;0;1;0;3;0;0;0;0;0;0;1;0;0;0;5;1;0;1;3;0;0;3;0;1;0;1
26.09.2021;Wahl zum Deutschen Bundestag;03159016;425;425 Ernst-Fahlbusch-Straße (3);1;1;422;169;0;591;304;1;2;302;2;302;56;40;65;69;28;35;0;15;115;95;19;28;0;2;0;1;0;2;0;3;0;0;0;1;0;0;3;0;1;0;11;8;0;0;4;0;0;0;0;1;0;2
26.09.2021;Wahl zum Deutschen Bundestag;03159016;501;501 Neues Rathaus (1);1;1;620;380;0;1000;396;1;2;394;5;391;48;33;74;83;18;20;0;6;213;175;34;58;0;4;0;2;0;0;0;1;0;0;0;0;0;1;2;0;0;0;5;4;0;1;0;0;0;3;0;0;0;0
26.09.2021;Wahl zum Deutschen Bundestag;03159016;502;502 Neues Rathaus (2);1;1;609;405;0;1014;518;7;1;517;1;517;61;40;101;112;34;35;0;13;263;236;44;53;0;8;0;2;0;3;0;2;0;0;0;0;0;1;0;0;0;1;9;7;0;0;5;0;0;2;0;0;0;2
26.09.2021;Wahl zum Deutschen Bundestag;03159016;503;503 Bunsenstraße;1;1;406;219;0;625;344;3;4;340;2;342;41;35;79;80;16;19;0;4;167;148;32;43;0;2;0;1;0;0;0;1;0;0;0;0;0;1;0;0;0;0;3;6;0;0;2;0;0;1;0;0;0;1
26.09.2021;Wahl zum Deutschen Bundestag;03159016;504;504 Jahnstadion;1;1;725;494;0;1219;496;1;3;493;1;495;50;36;89;97;39;39;0;12;247;196;52;81;0;8;0;7;0;2;0;2;0;0;0;0;0;0;1;1;0;0;13;9;0;0;2;0;0;0;0;1;0;4
26.09.2021;Wahl zum Deutschen Bundestag;03159016;505;505 Gartetalbahnhof;1;1;528;318;0;846;366;1;2;364;1;365;34;25;71;71;23;29;0;7;178;138;51;73;0;8;0;3;0;2;0;1;0;0;0;1;0;2;0;0;2;1;3;0;0;0;2;0;0;0;0;0;0;4
26.09.2021;Wahl zum Deutschen Bundestag;03159016;506;506 Landeskrankenhaus;1;1;525;98;0;623;300;2;6;294;4;296;58;48;146;140;22;24;0;21;48;42;14;12;0;2;0;1;0;2;0;0;0;0;0;0;0;2;1;0;0;1;4;0;0;0;1;0;0;0;0;1;0;0
26.09.2021;Wahl zum Deutschen Bundestag;03159016;507;507 Leineberg (1);1;1;608;118;0;726;362;1;6;356;4;358;77;60;131;120;36;29;0;39;70;58;22;22;0;5;0;8;0;3;0;2;0;2;0;1;0;0;1;0;3;0;12;8;0;0;4;0;0;0;0;0;0;1
26.09.2021;Wahl zum Deutschen Bundestag;03159016;508;508 Leineberg (2);1;1;584;157;0;741;404;0;13;391;9;395;83;67;140;138;38;29;0;36;91;78;24;28;0;4;0;4;0;0;0;1;0;0;0;0;0;0;0;0;1;0;12;4;0;0;2;0;0;1;0;3;0;2
26.09.2021;Wahl zum Deutschen Bundestag;03159016;509;509 Bahnhof-West;1;1;584;202;0;786;280;0;4;276;0;280;29;20;71;70;19;20;0;17;109;86;41;45;0;5;0;2;0;4;0;2;0;0;0;0;0;0;0;0;1;0;6;1;0;0;0;1;0;0;0;2;0;5
26.09.2021;Wahl zum Deutschen Bundestag;03159016;510;510 Bahnhof-Ost;1;1;458;267;0;725;295;3;3;292;3;292;38;28;76;77;26;24;0;12;107;99;35;33;0;3;0;2;0;2;0;2;0;0;0;1;0;1;0;0;1;0;7;2;0;1;2;0;0;0;0;2;0;3
26.09.2021;Wahl zum Deutschen Bundestag;03159016;511;511 Goethe-Allee;1;1;537;420;0;957;411;2;3;408;3;408;31;27;61;66;26;30;0;10;222;182;55;64;0;7;0;5;0;1;0;1;0;0;0;1;0;0;1;1;1;1;9;6;0;0;2;0;0;3;0;0;0;3
26.09.2021;Wahl zum Deutschen Bundestag;03159016;512;512 Nikolaistraße (1);1;1;503;336;0;839;365;1;3;362;3;362;34;28;76;79;24;20;0;7;161;137;60;69;0;7;0;2;0;0;0;2;0;0;0;2;0;0;1;0;0;0;5;2;0;0;1;0;0;2;0;0;0;5
26.09.2021;Wahl zum Deutschen Bundestag;03159016;513;513 Albanikirchhof;1;1;687;473;0;1160;523;4;5;518;2;521;75;59;91;93;38;41;0;18;233;204;63;72;0;9;0;1;0;2;0;3;0;0;0;1;0;1;0;0;3;2;14;6;0;0;1;1;0;2;0;1;0;5
26.09.2021;Wahl zum Deutschen Bundestag;03159016;514;514 Theaterstraße (1);1;1;354;159;0;513;253;0;3;250;4;249;34;25;48;47;22;23;0;9;110;98;33;33;0;5;0;1;0;1;0;1;0;0;0;0;0;0;0;0;0;1;2;0;0;0;1;0;0;2;0;1;0;2
26.09.2021;Wahl zum Deutschen Bundestag;03159016;515;515 Deutsches Theater;1;1;532;414;0;946;434;5;6;428;2;432;72;48;85;86;37;49;0;12;195;171;29;37;0;7;0;3;0;5;0;1;0;0;0;0;0;0;0;0;0;0;9;5;0;0;1;0;0;2;0;0;0;6
26.09.2021;Wahl zum Deutschen Bundestag;03159016;516;516 Nikolaistraße (2);1;1;374;234;0;608;265;0;3;262;1;264;17;13;51;49;16;20;0;2;133;113;42;60;0;1;0;1;0;2;0;0;0;0;0;0;0;0;1;0;1;0;1;0;0;0;0;0;0;1;0;1;0;1
26.09.2021;Wahl zum Deutschen Bundestag;03159016;517;517 Theaterstraße (2);1;1;367;192;0;559;264;0;1;263;2;262;14;18;38;33;23;23;0;4;124;105;59;70;0;6;0;0;0;0;0;1;0;0;0;0;0;0;0;0;1;2;4;0;0;0;0;0;0;0;0;0;0;0
26.09.2021;Wahl zum Deutschen Bundestag;03159016;518;518 Sültebecksbreite (2);1;1;684;291;0;975;453;0;8;445;7;446;44;30;128;138;31;33;0;14;180;151;54;54;0;12;0;4;0;0;0;2;0;0;0;0;0;0;1;0;0;0;5;2;0;1;2;0;0;1;0;1;0;3
26.09.2021;Wahl zum Deutschen Bundestag;03159016;519;519 Arndtstraße;1;1;626;383;0;1009;436;6;3;433;2;434;33;25;81;80;52;42;0;18;190;168;58;67;0;10;0;8;0;2;0;2;0;0;0;1;0;0;2;0;1;0;16;6;0;0;0;0;0;1;0;2;0;2
26.09.2021;Wahl zum Deutschen Bundestag;03159016;520;520 Güterbahnhof;1;1;614;391;0;1005;371;4;7;364;2;369;34;27;73;66;31;39;0;9;179;142;38;57;0;9;0;4;0;2;0;3;0;0;0;0;0;2;2;1;0;0;4;2;0;1;3;1;0;0;0;3;0;1
26.09.2021;Wahl zum Deutschen Bundestag;03159016;521;521 Windausweg;1;1;466;244;0;710;389;0;3;386;3;386;51;43;87;101;27;26;0;16;165;130;42;48;0;9;0;1;0;0;0;2;0;0;0;0;0;0;0;0;3;0;11;6;0;0;0;0;0;1;0;1;0;2
26.09.2021;Wahl zum Deutschen Bundestag;03159016;161;161 BW-Herberhausen;1;1;0;0;0;0;402;402;4;398;1;401;110;86;118;111;29;43;0;9;120;110;16;20;0;3;0;2;0;5;0;3;0;0;0;2;0;0;0;0;0;0;3;3;0;0;2;1;0;0;0;2;0;1
26.09.2021;Wahl zum Deutschen Bundestag;03159016;162;162 BW-Nikolausberg;1;1;0;0;0;0;827;827;5;822;1;826;302;211;183;217;72;109;0;22;223;211;33;30;0;6;0;6;0;2;0;1;0;0;0;0;0;1;1;0;0;0;7;5;0;0;1;0;0;0;0;2;0;3
26.09.2021;Wahl zum Deutschen Bundestag;03159016;163;163 BW-Roringen;1;1;0;0;0;0;234;234;4;230;2;232;68;56;58;73;21;24;0;10;66;52;12;8;0;0;0;4;0;1;0;0;0;0;0;0;0;1;0;0;1;0;2;1;0;0;2;0;0;0;0;0;0;2
26.09.2021;Wahl zum Deutschen Bundestag;03159016;164;164 BW-Beethovenstraße (1);1;1;0;0;0;0;653;653;1;652;1;652;176;138;130;148;51;70;0;8;253;219;36;51;0;4;0;5;0;2;0;1;0;0;0;0;0;0;1;0;2;2;1;2;0;1;2;0;0;0;0;0;0;1
26.09.2021;Wahl zum Deutschen Bundestag;03159016;165;165 BW-Beethovenstraße (2);1;1;0;0;0;0;552;552;1;551;2;550;142;107;121;116;45;59;0;5;211;213;24;33;0;2;0;1;0;2;0;4;0;0;0;0;0;0;0;0;2;0;6;6;0;0;0;0;0;1;0;0;0;1
26.09.2021;Wahl zum Deutschen Bundestag;03159016;166;166 BW-Schillerwiese (1);1;1;0;0;0;0;576;576;3;573;1;575;132;108;100;117;51;68;0;9;263;226;21;33;0;1;0;1;0;1;0;2;0;0;0;0;0;0;1;0;1;1;4;5;0;0;0;0;0;0;0;1;0;2
26.09.2021;Wahl zum Deutschen Bundestag;03159016;167;167 BW-Schillerwiese (2);1;1;0;0;0;0;598;598;3;595;0;598;162;116;113;141;48;77;0;13;231;198;31;39;0;2;0;2;0;2;0;1;0;0;0;0;0;1;0;0;1;0;5;2;0;1;4;0;0;0;0;1;0;2
26.09.2021;Wahl zum Deutschen Bundestag;03159016;168;168 BW-Rohnsweg;1;1;0;0;0;0;519;519;2;517;1;518;135;101;115;141;45;54;0;19;187;160;24;27;0;1;0;0;0;0;0;1;0;0;0;0;0;2;0;0;0;0;8;7;0;1;3;0;0;1;0;2;0;1
26.09.2021;Wahl zum Deutschen Bundestag;03159016;169;169 BW-Lohberg;1;1;0;0;0;0;535;535;4;531;2;533;115;99;132;149;44;45;0;14;190;165;34;34;0;5;0;6;0;0;0;1;0;0;0;1;0;0;3;0;1;0;11;10;0;1;1;0;0;0;0;0;0;3
26.09.2021;Wahl zum Deutschen Bundestag;03159016;170;170 BW-Nonnenstieg;1;1;0;0;0;0;584;584;6;578;2;582;175;133;112;136;47;68;0;9;212;183;22;30;0;5;0;5;0;1;0;1;0;0;0;0;0;0;0;0;1;0;7;5;0;1;2;0;0;0;0;2;0;3
26.09.2021;Wahl zum Deutschen Bundestag;03159016;261;261 BW-Geismar 1;1;1;0;0;0;0;371;371;4;367;2;369;84;60;121;134;16;20;0;14;110;100;28;25;0;5;0;6;0;0;0;0;0;0;0;0;0;1;0;0;1;1;6;2;0;0;1;0;0;1;0;0;0;0
26.09.2021;Wahl zum Deutschen Bundestag;03159016;262;262 BW-Geismar 2;1;1;0;0;0;0;563;563;3;560;3;560;135;103;145;162;44;52;0;17;209;185;23;21;0;7;0;3;0;0;0;1;0;0;0;1;0;0;0;0;0;0;4;2;0;0;0;0;0;2;0;0;0;4
26.09.2021;Wahl zum Deutschen Bundestag;03159016;263;263 BW-Geismar 3;1;1;0;0;0;0;508;508;4;504;0;508;150;102;130;166;37;57;0;18;158;121;21;25;0;7;0;2;0;3;0;2;0;0;0;0;0;0;0;0;0;0;7;2;0;0;1;0;0;0;0;1;0;2
26.09.2021;Wahl zum Deutschen Bundestag;03159016;264;264 BW-Geismar 4;1;1;0;0;0;0;577;577;5;572;3;574;204;168;168;206;39;46;0;11;137;112;18;18;0;2;0;6;0;1;0;1;0;0;0;0;0;2;0;0;0;0;3;0;0;0;3;0;0;0;0;1;0;0
26.09.2021;Wahl zum Deutschen Bundestag;03159016;265;265 BW-Geismar 5;1;1;0;0;0;0;491;491;0;491;1;490;99;91;127;141;30;29;0;12;195;158;29;39;0;2;0;6;0;1;0;2;0;0;0;0;0;0;0;0;2;0;6;3;0;1;3;0;0;0;0;0;0;5
26.09.2021;Wahl zum Deutschen Bundestag;03159016;266;266 BW-Geismar 6;1;1;0;0;0;0;527;527;2;525;0;527;162;117;106;130;54;67;0;17;163;146;30;34;0;7;0;1;0;1;0;0;0;0;0;0;0;0;0;0;0;0;8;6;0;0;2;0;0;0;0;0;0;1
26.09.2021;Wahl zum Deutschen Bundestag;03159016;267;267 BW-Geismar 7;1;1;0;0;0;0;545;545;5;540;2;543;122;100;142;156;37;34;0;6;213;202;22;22;0;3;0;6;0;3;0;2;0;0;0;0;0;0;0;0;0;0;3;4;0;1;1;1;0;1;0;0;0;2
26.09.2021;Wahl zum Deutschen Bundestag;03159016;268;268 BW-Geismar 8;1;1;0;0;0;0;587;587;0;587;0;587;169;138;158;185;35;38;0;14;193;163;25;28;0;4;0;5;0;1;0;1;0;0;0;0;0;0;0;0;0;0;5;4;0;3;2;1;0;2;0;0;0;0
26.09.2021;Wahl zum Deutschen Bundestag;03159016;269;269 BW-Geismar 9;1;1;0;0;0;0;399;399;3;396;3;396;78;67;136;144;36;33;0;13;106;89;29;18;0;9;0;6;0;6;0;2;0;1;0;0;0;1;1;0;1;1;8;4;0;0;1;0;0;0;0;0;0;2
26.09.2021;Wahl zum Deutschen Bundestag;03159016;270;270 BW-Danziger Straße (1);1;1;0;0;0;0;526;526;3;523;2;524;72;58;128;121;26;28;0;11;247;231;45;52;0;3;0;5;0;1;0;1;0;0;0;2;0;0;0;0;0;0;5;4;0;0;0;0;0;1;0;0;0;6
26.09.2021;Wahl zum Deutschen Bundestag;03159016;271;271 BW-Stegemühlenweg;1;1;0;0;0;0;474;474;5;469;0;474;66;57;137;157;28;23;0;8;198;163;30;38;0;4;0;7;0;1;0;0;0;0;0;2;0;1;0;0;0;0;8;7;0;2;2;0;0;0;0;1;0;3
26.09.2021;Wahl zum Deutschen Bundestag;03159016;272;272 BW-Danziger Straße (2);1;1;0;0;0;0;527;527;4;523;2;525;64;44;114;136;31;27;0;8;249;229;52;47;0;7;0;2;0;3;0;2;0;2;0;0;0;0;1;0;3;1;7;4;0;4;2;0;0;2;0;1;0;6
26.09.2021;Wahl zum Deutschen Bundestag;03159016;361;361 BW-Grone 1;1;1;0;0;0;0;275;275;0;275;1;274;77;65;102;106;31;32;0;11;44;35;16;11;0;2;0;5;0;0;0;2;0;0;0;2;0;0;0;0;1;0;4;1;0;0;0;0;0;0;0;0;0;2
26.09.2021;Wahl zum Deutschen Bundestag;03159016;362;362 BW-Grone 2;1;1;0;0;0;0;290;290;2;288;1;289;78;61;68;80;25;24;0;14;89;71;20;21;0;4;0;4;0;1;0;0;0;1;0;0;0;1;0;0;3;0;4;4;0;0;1;0;0;0;0;2;0;1
26.09.2021;Wahl zum Deutschen Bundestag;03159016;363;363 BW-Grone 3;1;1;0;0;0;0;240;240;3;237;1;239;57;54;98;95;19;11;0;14;55;46;4;9;0;2;0;1;0;0;0;1;0;0;0;0;0;1;0;0;0;0;3;1;0;1;1;0;0;1;0;1;0;1
26.09.2021;Wahl zum Deutschen Bundestag;03159016;364;364 BW-Grone 4;1;1;0;0;0;0;199;199;1;198;0;199;42;29;60;67;13;17;0;13;47;38;25;21;0;3;0;1;0;3;0;1;0;0;0;2;0;0;0;0;1;0;8;1;0;2;2;0;0;0;0;0;0;1
26.09.2021;Wahl zum Deutschen Bundestag;03159016;365;365 BW-Grone 5;1;1;0;0;0;0;323;323;2;321;1;322;77;57;124;126;25;28;0;15;78;66;9;15;0;2;0;4;0;0;0;0;0;1;0;0;0;3;2;0;0;0;5;4;0;0;1;0;0;0;0;0;0;1
26.09.2021;Wahl zum Deutschen Bundestag;03159016;366;366 BW-Elliehausen/ Esebeck;1;1;0;0;0;0;859;859;7;852;0;859;250;182;280;331;72;83;0;30;186;149;36;38;0;10;0;10;0;8;0;6;0;0;0;0;0;0;7;2;0;0;20;6;0;1;1;0;0;0;0;0;0;3
26.09.2021;Wahl zum Deutschen Bundestag;03159016;367;367 BW-Gr.Ellershausen/ Hetjershausen/ Knutbühren;1;1;0;0;0;0;636;636;7;629;6;630;234;167;173;197;46;71;0;22;140;124;17;18;0;8;0;5;0;3;0;0;0;0;0;0;0;0;1;0;0;0;14;12;0;0;4;0;0;0;0;2;0;1
26.09.2021;Wahl zum Deutschen Bundestag;03159016;368;368 BW-Egelsberg;1;1;0;0;0;0;415;415;4;411;0;415;67;57;96;101;37;30;0;17;161;147;45;35;0;9;0;10;0;1;0;0;0;0;0;1;0;0;0;0;0;0;4;1;0;1;1;1;0;0;0;2;0;2
26.09.2021;Wahl zum Deutschen Bundestag;03159016;369;369 BW-Hagenberg (1);1;1;0;0;0;0;345;345;5;340;1;344;47;41;109;112;26;24;0;12;128;99;25;39;0;5;0;4;0;0;0;1;0;0;0;1;0;0;0;0;0;0;5;3;0;0;0;0;0;0;0;2;0;1
26.09.2021;Wahl zum Deutschen Bundestag;03159016;370;370 BW-Hagenberg (2);1;1;0;0;0;0;288;288;1;287;0;288;54;40;100;111;18;15;0;5;92;76;21;19;0;6;0;5;0;0;0;2;0;0;0;1;0;0;0;0;0;0;1;1;0;0;1;1;0;0;0;4;0;2
26.09.2021;Wahl zum Deutschen Bundestag;03159016;461;461 BW-Weende 1;1;1;0;0;0;0;364;364;0;364;1;363;96;70;97;123;27;33;0;9;119;100;16;17;0;2;0;1;0;3;0;2;0;0;0;0;0;0;1;0;0;0;6;1;0;0;2;0;0;0;0;0;0;2
26.09.2021;Wahl zum Deutschen Bundestag;03159016;462;462 BW-Weende 2;1;1;0;0;0;0;550;550;8;542;2;548;144;104;170;184;22;36;0;23;170;159;29;27;0;3;0;3;0;1;0;1;0;0;0;0;0;2;0;0;0;0;5;2;0;0;2;0;0;0;0;1;0;2
26.09.2021;Wahl zum Deutschen Bundestag;03159016;463;463 BW-Weende 3;1;1;0;0;0;0;388;388;0;388;2;386;50;37;95;100;35;38;0;9;176;146;27;30;0;6;0;3;0;1;0;1;0;0;0;3;0;2;0;0;0;0;4;4;0;0;1;0;0;1;0;1;0;4
26.09.2021;Wahl zum Deutschen Bundestag;03159016;464;464 BW-Weende 4;1;1;0;0;0;0;489;489;1;488;2;487;96;65;109;112;32;59;0;11;210;179;27;36;0;5;0;2;0;3;0;2;0;1;0;0;0;2;3;0;1;0;7;2;0;0;3;0;0;0;0;1;0;7
26.09.2021;Wahl zum Deutschen Bundestag;03159016;465;465 BW-Weende 5;1;1;0;0;0;0;387;387;2;385;1;386;74;55;80;82;30;39;0;9;170;160;26;27;0;3;0;2;0;1;0;0;0;0;0;0;0;3;0;0;0;0;4;2;0;0;1;0;0;0;0;0;0;3
26.09.2021;Wahl zum Deutschen Bundestag;03159016;466;466 BW-Weende 6;1;1;0;0;0;0;425;425;2;423;0;425;46;35;100;99;43;43;0;8;203;195;26;25;0;3;0;4;0;1;0;4;0;0;0;2;0;0;0;0;0;0;4;2;0;0;1;1;0;1;0;1;0;1
26.09.2021;Wahl zum Deutschen Bundestag;03159016;467;467 BW-Weende 7;1;1;0;0;0;0;416;416;2;414;1;415;79;58;77;76;33;39;0;7;188;177;31;38;0;5;0;2;0;2;0;1;0;0;0;0;0;1;1;1;0;0;2;1;0;0;3;0;0;2;0;1;0;4
26.09.2021;Wahl zum Deutschen Bundestag;03159016;468;468 BW-Weende 8;1;1;0;0;0;0;404;404;1;403;0;404;58;47;94;85;33;31;0;7;188;176;27;41;0;5;0;2;0;0;0;1;0;0;0;1;0;0;0;0;0;0;3;1;0;0;0;1;0;1;0;1;0;4
26.09.2021;Wahl zum Deutschen Bundestag;03159016;469;469 BW-Holtensen;1;1;0;0;0;0;293;293;3;290;1;292;88;63;101;106;22;27;0;12;61;54;13;14;0;4;0;4;0;4;0;1;0;0;0;0;0;0;0;0;0;0;5;1;0;1;0;0;0;0;0;0;0;1
26.09.2021;Wahl zum Deutschen Bundestag;03159016;470;470 BW-Holtenser Berg (1);1;1;0;0;0;0;367;367;5;362;1;366;52;44;79;102;26;25;0;7;163;139;40;38;0;2;0;3;0;1;0;0;0;0;0;0;0;0;0;0;0;0;1;1;0;0;1;0;0;1;0;2;0;1
26.09.2021;Wahl zum Deutschen Bundestag;03159016;471;471 BW-Albrecht-Thaer-Weg;1;1;0;0;0;0;410;410;1;409;0;410;37;28;91;88;26;36;0;5;219;188;30;35;0;6;0;1;0;0;0;3;0;0;0;2;0;1;0;1;1;0;3;4;0;1;2;0;0;2;0;5;0;4
26.09.2021;Wahl zum Deutschen Bundestag;03159016;472;472 BW-Holtenser Berg (2);1;1;0;0;0;0;187;187;4;183;2;185;50;36;70;82;11;9;0;16;36;28;5;7;0;2;0;0;0;0;0;0;0;0;0;0;0;0;3;0;0;0;4;3;0;0;4;2;0;0;0;0;0;0
26.09.2021;Wahl zum Deutschen Bundestag;03159016;561;561 BW-Theaterstraße;1;1;0;0;0;0;531;531;2;529;3;528;54;43;74;72;43;46;0;3;293;289;58;58;0;1;0;3;0;1;0;1;0;0;0;0;0;0;0;0;2;0;5;3;0;1;0;0;0;2;0;0;0;5
26.09.2021;Wahl zum Deutschen Bundestag;03159016;562;562 BW-Jahnstadion;1;1;0;0;0;0;668;668;3;665;3;665;111;77;123;140;60;70;0;14;299;259;61;78;0;7;0;2;0;4;0;2;0;1;0;0;0;0;0;0;0;0;6;4;0;0;5;0;0;1;0;2;0;4
26.09.2021;Wahl zum Deutschen Bundestag;03159016;563;563 BW-Albanikirchhof;1;1;0;0;0;0;533;533;3;530;1;532;76;62;123;126;41;42;0;13;247;221;37;49;0;5;0;7;0;2;0;0;0;0;0;0;0;0;1;0;1;0;3;1;0;1;1;0;0;0;0;1;0;2
26.09.2021;Wahl zum Deutschen Bundestag;03159016;564;564 BW-Güterbahnhof;1;1;0;0;0;0;586;586;4;582;0;586;80;66;122;139;39;41;0;5;261;228;68;81;0;3;0;1;0;3;0;2;0;0;0;2;0;0;0;0;0;0;11;7;0;2;1;1;0;1;0;1;0;3
26.09.2021;Wahl zum Deutschen Bundestag;03159016;565;565 BW-Leineberg (1);1;1;0;0;0;0;456;456;3;453;0;456;60;53;105;101;42;45;0;9;201;175;41;56;0;7;0;3;0;3;0;0;0;0;0;0;0;0;0;0;1;0;2;1;0;1;1;0;0;1;0;0;0;1
26.09.2021;Wahl zum Deutschen Bundestag;03159016;566;566 BW-Leineberg (2);1;1;0;0;0;0;418;418;4;414;1;417;46;33;127;112;22;27;0;17;175;159;36;46;0;5;0;3;0;6;0;0;0;0;0;2;0;0;0;0;0;0;6;3;0;0;2;0;0;1;0;1;0;2
26.09.2021;Wahl zum Deutschen Bundestag;03159016;567;567 BW-Neues Rathaus (1);1;1;0;0;0;0;549;549;6;543;2;547;73;47;98;117;28;37;0;14;266;237;73;75;0;4;0;3;0;3;0;0;0;0;0;0;0;0;0;0;0;1;5;2;0;0;0;0;0;0;0;3;0;4
26.09.2021;Wahl zum Deutschen Bundestag;03159016;568;568 BW-Neues Rathaus (2);1;1;0;0;0;0;597;597;1;596;0;597;104;76;110;133;41;47;0;14;272;241;59;64;0;4;0;3;0;1;0;1;0;0;0;0;0;0;1;0;0;0;9;4;0;0;0;0;0;0;0;1;0;8
26.09.2021;Wahl zum Deutschen Bundestag;03159016;569;569 BW-Goethe-Allee;1;1;0;0;0;0;690;690;2;688;0;690;52;45;114;102;51;57;0;8;380;341;77;97;0;11;0;3;0;2;0;2;0;0;0;2;0;1;2;0;1;0;9;5;0;0;2;0;0;1;0;1;0;12
26.09.2021;Wahl zum Deutschen Bundestag;03159016;570;570 BW-Deutsches Theater;1;1;0;0;0;0;686;686;1;685;1;685;110;76;113;109;52;58;0;15;346;330;55;73;0;5;0;3;0;3;0;1;0;0;0;3;0;2;0;0;5;1;3;0;0;2;1;1;0;0;0;0;0;3
